,BIC,RMSE_train,RMSE_test,R2_train,R2_test
0,29151.686277454763,17.89273757402713,17.527590211492956,0.16442988045472895,0.11825024702981235
1,29136.0725419599,17.88524460110149,18.14031292463001,0.15479664708243457,0.16054808830269462
2,29151.406483395127,17.902290776597393,17.52105770698378,0.16131284871441076,0.14360210196647782
3,29028.62898314542,17.595083602730366,20.4218660541861,0.15997891998277736,0.12756557116755918
4,29115.51648273218,17.893939462283367,17.515850969350463,0.16376219846908135,0.12870665247881918
5,29076.04186821427,17.653457248390996,19.774353131851015,0.16097964669416154,0.13785235562830778
6,29173.55195341503,17.94464431743797,17.208326431258513,0.16431784890563128,0.09991120096621953
7,29081.2155160977,17.682974633929604,19.338461362536588,0.16624440072958357,0.11412819400433682
8,29172.67236265188,18.035190995078246,16.416293807158258,0.16797282857774887,0.03023722149717034
9,29102.44994255825,17.772908050950207,19.10743318411874,0.16909408490807065,0.029921941832646404
10,29071.45950435689,17.774348290657134,18.69299932302005,0.16358032540381018,0.12140350996683824
11,29011.471004230883,17.555164184856814,20.550157898124173,0.17071576107921616,0.06221192819344745
12,29246.467304883252,18.219329657856942,14.434818329101345,0.15442666317514864,0.20725911571486788
13,29057.56077744515,17.35395852200071,22.66510514452442,0.17151518985824454,0.024262977660193807
14,29129.423358723623,17.90429642236061,17.567979110896406,0.15890358009899164,0.16119513274710429
15,29048.282195378983,17.641283133533438,19.72734718366797,0.16758751372789227,0.0997630366364829
16,29147.32349911513,17.93296005600673,17.32709175388757,0.16459356680984738,0.09863404851286517
17,29116.75884729495,17.92708556078863,17.410781063141478,0.16024020511539905,0.14324126282010408
18,29223.150759843105,18.098292527091974,15.704349546098795,0.15805803458141898,0.15953031366013226
19,29145.10456984429,17.850610655346912,18.082467325587054,0.1636108639930649,0.11474493967734234
20,29110.17939597393,17.777466700103748,18.704119583811913,0.1657646666074848,0.0999439391678747
21,29099.277266679528,17.756189459217524,19.024125381775644,0.161400524309938,0.12394130541840431
22,29144.504534141437,17.997748271217073,16.55432200018877,0.16629650890540448,0.08418785596024947
23,29173.938769578308,17.835759732510546,18.234325844070675,0.1576415591546435,0.16700024682986736
24,28985.69879128544,17.640235787312474,19.906791299766684,0.16979757920765692,0.05638243105909169
25,29113.06555928942,17.982564553312137,17.182650342650508,0.16225880185943298,0.08914744345700665
26,29132.994592101964,17.70838411576221,19.13656873161005,0.16256220353256345,0.14450170812516916
27,29138.12037921717,17.82239651357332,18.332016723598695,0.1654027204494608,0.09710906514273399
28,29183.476851606192,17.91076916743814,17.574263470566528,0.15952496990702847,0.14497837057921825
29,29113.750466623245,17.82182157792482,18.527289627914797,0.16318161233794914,0.10133013273674985
30,29182.005091052473,18.008122522965326,16.634393742450282,0.15995743528861361,0.1433823933124203
31,29113.53178996184,17.73062490983908,19.095136106063226,0.16551776558447284,0.10514993905065884
32,29080.831932221037,17.583398469533286,20.810272807094705,0.16704182867454087,0.052102862085711354
33,29109.85302646308,17.93664719392651,17.088552925375115,0.15941885886206086,0.17119297445688553
34,29052.531548342446,17.7533963753562,19.265319141076134,0.16288142068678924,0.09211965559302115
35,29110.28736352242,17.731281720534245,18.88802727435651,0.16696320027699796,0.11127729124165098
36,29057.930621177824,17.76938823345395,18.780409407150675,0.16640568755978913,0.09342732640557971
37,29193.76454433202,18.138727625251466,15.43242233217978,0.15660002169527432,0.16472203063873592
38,29119.817425102206,17.674954320689363,19.578218991855348,0.166325496645519,0.09941705609214291
39,29158.194002924894,17.918446765308435,17.42088669811635,0.16368638472954322,0.1136100247892542
40,29093.267718700954,17.827440969126915,18.202178463268076,0.1647945203095651,0.11283038380695587
41,29148.155154873224,17.816310462763724,18.32625761432868,0.16490482711189536,0.1093209336960963
42,29040.65141164281,17.58638201696287,20.289157739922654,0.16444085589501423,0.11374559260862827
43,29116.88915615915,17.89027260630448,17.762093086485226,0.16054026272300137,0.13955581839990194
44,29048.704621550423,17.517331477247396,20.8037290724256,0.16510439275597388,0.11515688664538015
45,29097.81544104505,17.781982631828786,18.862960061336775,0.15901019909863057,0.13880422704448037
46,29160.687167017037,18.031608458084747,16.21089769717622,0.1659283794520776,0.09076437215650213
47,29147.6902973565,17.9146320419578,17.51912642093829,0.1633185062625302,0.10993205932877714
48,29196.151678435992,17.974855279465135,17.143552430308034,0.1565396289806631,0.1591017354047558
49,29145.64884744078,17.918916550668865,17.710165059047895,0.16835412387700088,0.028453493575149702
50,29056.506077063277,17.583713638023468,20.736527791550383,0.16358929393714616,0.08751627956280106
51,29097.382169490018,17.8067385559216,18.2524009919767,0.16989343991134753,0.07573089906551622
52,29161.089326536756,18.02943466262977,16.236395181334682,0.16310848411035428,0.12628844244208204
53,29095.49754536152,17.97669475955694,17.07168600186257,0.1690548171860502,0.022187279567546958
54,29173.30843427826,18.00380178460589,16.418197963127252,0.1599785001891758,0.16966105940494902
55,29114.12955985612,17.695317584268455,19.679724546672396,0.16222864667523873,0.10747293477105846
56,29146.38701488341,17.90569612183257,17.513102154268054,0.16517296310247997,0.10198616887732903
57,29178.968364010732,18.02140581855161,16.86905825323308,0.15446066518397494,0.16535596823678667
58,29086.4210364389,17.623638774638234,20.11841150982692,0.16163711768720523,0.12569297462236584
59,29058.036601483356,17.590799378349363,20.40527037146442,0.16584147784071224,0.09132636275480766
60,29169.097621106564,17.912475685236302,17.739549015691008,0.1594888105095118,0.12866676225750984
61,29123.693863285866,17.649681973409727,19.759135637410466,0.16257882803428725,0.1329121035654809
62,29178.4175220268,18.056324680856886,16.248777734157215,0.15647908243114628,0.17330207273607345
63,29077.256701283688,17.776796513402086,18.86817072989609,0.1620781598056259,0.11262770794404031
64,29074.06041833017,17.83350671841016,18.19077212523506,0.16394159283118193,0.11611200891734152
65,29062.359736130937,17.69363698623662,19.597251382003897,0.16447488735309135,0.09334126176352997
66,29169.01216704384,18.01073251346883,16.68861615606024,0.16933742435533783,0.00531581856634511
67,29045.2727742037,17.7073248148476,19.301405336698892,0.17045252886473372,0.060050409821130635
68,29109.947164619087,17.71602904765124,19.31154680449723,0.16305160234336324,0.11872169968776258
69,29170.888984989855,17.89219401588236,17.602991205204013,0.16224077829229733,0.1357914421308939
70,29214.617807928924,18.14576988119146,15.224712743664229,0.15501621180345604,0.1944291034582506
71,29151.4678802386,17.884029221900523,17.654433124529014,0.16649542572247944,0.09284050299299218
72,29104.036930415536,17.82029044592964,18.41046184017496,0.16455264736701947,0.10140912023033621
73,28974.672596130535,17.44318375222511,21.484596850231544,0.17426052867314834,0.03582730902659559
74,29062.33896100953,17.49497639675405,21.28044515980481,0.16444315416294497,0.0899856346669653
75,29143.51735210527,18.01752712708535,16.595371204726895,0.16096924836347282,0.1284137475381134
76,29151.750484399377,17.922276264603482,17.187286959964045,0.1659899485277786,0.10594385457628541
77,29095.82459094817,17.797661555246332,18.706923903009983,0.16315294805352398,0.10588751924266937
78,29128.651850134425,17.754486583272143,18.838681253897196,0.16543487128408763,0.109662236940125
79,29157.920213053378,17.946821461711398,17.310509445350437,0.1557187764899427,0.17780347949380693
80,29166.46821686362,18.085519786595803,15.701057125599261,0.16246471414050034,0.12627397514874772
81,29184.52480293936,17.90386390908331,17.541024927487758,0.1638799189284117,0.10862140401516363
82,29139.6683961437,17.81284661266142,18.34167617485353,0.1617277994054387,0.14088799251170403
83,29154.054326133635,17.944250566456493,17.16151012026113,0.16192155939624508,0.1339006079409062
84,29185.476862162235,18.040476018310866,16.603640969125557,0.1628195076543676,0.07433490326548209
85,28962.351873684238,17.66061842866121,19.769449049199977,0.1698814650475462,0.055700444442271846
86,29094.6181174228,17.665660767599192,19.863088314182473,0.15444816073917833,0.16655987618292178
87,29094.490893205846,17.70495779968272,19.413130943254533,0.15914864242029658,0.14637332606111497
88,29126.12589543849,17.866692561485056,17.934600975939126,0.1642695526030371,0.1078084780380082
89,29086.633288217155,17.566237850178762,20.456874792206033,0.17299230353056616,0.049526836882758274
90,29113.935811743482,17.82507004265148,18.247942249354274,0.16841243266135575,0.07368330219720332
91,29059.40486618752,17.436009977819754,21.826702425932215,0.16273560249639019,0.09639915828320467
92,29170.264903631876,18.02497322477832,16.231351866638803,0.15671634786180422,0.20335563277195823
93,29072.80775796844,17.74438539037942,19.160798043304748,0.15649568193740937,0.15885506653442694
94,29173.52397318361,18.052616888872727,16.26687932203281,0.16032205521257747,0.12990145131642739
95,29117.503962963074,17.748736638268973,19.11451174201953,0.16789012289576444,0.06458859853543131
96,29139.852422544245,17.947886371596347,17.121664750044232,0.16207015321346518,0.13184107995095207
97,29138.14694930097,17.81131543695265,18.41010799949209,0.16638782763347826,0.0913848005393032
98,29149.105531522197,17.92634084301767,17.23469142791316,0.16085315506731968,0.15520995008398197
99,29045.956587277313,17.75593351090182,18.92784826488922,0.1697710603318925,0.058390151888453645
100,29112.44011406976,17.713280036848577,19.35655003788159,0.15887891999153259,0.15025165461152368
101,29091.93456139031,17.844090169458173,18.354950238304923,0.16255360394316887,0.10136987913754636
102,29083.763882661275,17.604337969265924,20.52028614390365,0.15646133428877917,0.13893652879802976
103,29216.177988526884,18.069815449934715,15.847046842924376,0.15875240126075085,0.17069303036055594
104,29092.30190306203,17.812903951994493,18.22757545923444,0.1671850610303297,0.10022355750460765
105,29077.499441641703,17.670719185717743,19.83862345027668,0.16922470398072442,0.0526774337099053
106,29104.929040718765,17.682914802747963,19.514843135049308,0.1670545625748694,0.09175865785541726
107,29125.07857131456,17.92566448651621,17.143235310178287,0.1712696052354703,0.04487314075639759
108,29177.489463197453,18.044762411687646,16.04858811499026,0.16118894435909192,0.15057516020959583
109,29109.29632465823,17.89719173836824,17.58161487433127,0.15964099979985158,0.1569785922194522
110,29066.371929511235,17.83018483183907,18.295927892627468,0.1676636951841074,0.07071152494707766
111,29138.479030355833,17.73786946586887,19.43847065564053,0.15815613392955263,0.1298286358337365
112,29107.810069412804,17.783316717904054,18.665832615910823,0.1658902510427207,0.09719641175327454
113,29086.890103083148,17.614767842310375,20.36246841379593,0.16706226377847677,0.06712694158303523
114,29203.911196209352,18.114102352309764,15.446590541789305,0.15829656295122452,0.1726038861976017
115,29163.09262952288,17.881398412363104,17.666804259050824,0.15554250962695648,0.20061229256215563
116,29137.079667018395,17.88253941062181,17.74267672833481,0.16494267934787077,0.09744064730947932
117,29010.11230473363,17.62078302853038,20.06056426646001,0.17196895149015556,0.04874496175341214
118,29128.226743421077,17.85317810927285,18.08028023650408,0.16610932009820156,0.08620809010733721
119,29128.914926333142,17.90850438481068,17.556840425837297,0.1607915202068516,0.14019040542463101
120,29205.213102010457,17.987134392478485,16.814686466658788,0.16611811854349823,0.05972625093492201
121,29128.415310039807,17.852286673723942,18.020816097759912,0.15933740042834965,0.15915686480231572
122,29151.317751109313,17.82590492825601,18.33868377438918,0.1599290001119048,0.14607233108557938
123,29105.973836868965,17.86560848513957,17.952912130246695,0.16547702848240275,0.09462552433862381
124,29002.775184553124,17.58340445642935,20.549670848463222,0.17207823467230277,0.020393682652561917
125,29124.9631727597,17.876816436424335,17.90274810448411,0.1599429769911257,0.14385714560863927
126,29104.753441548288,17.812911455910445,18.3841312617768,0.1621251233858666,0.13327117697203328
127,29018.180699425837,17.587790128616515,20.481739900849547,0.16427259273517725,0.09667740497636979
128,29189.107848467014,17.887585715725457,17.728161045706226,0.15250993197441975,0.21488171957692426
129,29163.993870323513,17.99780642699191,16.45239017418355,0.16935683141527702,0.05377331397530216
130,29168.84873021576,17.957754496439154,16.949278508046824,0.16053671703655492,0.1546860984627989
131,29121.636587402412,17.93098039991326,17.38362237605681,0.16623968923799937,0.07752234949771897
132,29137.7016124862,17.95218582088315,17.039868051900676,0.15867293615014766,0.17166395220624475
133,29169.880071092808,17.879840154688388,17.913209407504215,0.16021551801768164,0.13456561972429415
134,29109.82925828587,17.926386869756854,17.18952761108837,0.16457336043696957,0.12017180540491079
135,29048.40868312934,17.564245135326413,20.821147723104236,0.16290527259510668,0.09442921071683519
136,29080.694791153925,17.55205977295296,20.594896419446826,0.1672647496539006,0.09389299381558569
137,29116.50533160239,17.869248479166515,17.84065500809334,0.16788141075841123,0.07646274719323753
138,29063.763635284402,17.606023202413436,20.13160983927813,0.16494073954440636,0.11168820811830671
139,29168.638476919456,18.000533951341126,17.05350360163432,0.16171125898051786,0.08756003861445383
140,29012.69884700487,17.570330044621166,20.859436854108807,0.17200467252545737,0.01590852793348363
141,29134.525845122283,18.104473520208597,15.546196633487318,0.16434074040538038,0.09760347712610151
142,29148.34901352787,17.83427185847212,18.37770243724043,0.16334258894552556,0.10103895496650195
143,29134.018737443595,17.81792788659254,18.344476176701463,0.1614786377871692,0.13858531594727141
144,29130.955551828556,17.874871894414508,17.672189955725806,0.16415966897707346,0.12720984782100142
145,29189.68229313878,17.972301292208886,16.868286382297534,0.15699782622377723,0.18494709654922725
146,29061.066482303162,17.543337253691806,20.632431553947853,0.17100633290302836,0.06723381820203156
147,29165.73257562506,18.005379395752957,16.82835456449362,0.15806638359843928,0.14849350925049587
148,29054.92958511505,17.698433084131942,19.40400563443193,0.1599094915695325,0.14342765822300807
149,29161.671580488524,17.859076787863295,17.816953942844698,0.16000645258710977,0.16660996634648473
150,29177.9792673805,18.076281015378775,15.815523000042079,0.16001751504425477,0.15488748615350478
151,29176.633924872986,18.0900789934751,15.541791864215211,0.15807703073213153,0.1944282662746991
152,29125.212304339308,17.81351233676969,18.698599955660747,0.16451043617754657,0.07934192997173195
153,29083.969131536447,17.697001634786854,19.551165461675474,0.16252624300043017,0.11440036963195177
154,29092.72923305218,17.70700373053159,19.334509363982995,0.16111501079458612,0.13920440291304503
155,29147.33899130334,17.84517072031253,17.985395459581873,0.1603117348563039,0.15975080643834594
156,29057.8261736808,17.761994807095192,19.071683953145506,0.17508978070556058,-0.023434154808848584
157,29107.50217440578,17.69050526599408,19.546713253225192,0.15808687025730894,0.15563055772745904
158,29069.160867350027,17.687106328453293,19.621013664791782,0.1696354478027593,0.05522353743223363
159,29147.35420720071,17.87679890966235,17.7757761381445,0.16513889194283815,0.10328969356632889
160,29109.549090028555,17.69813612975083,19.30332622688335,0.1648695969833961,0.11840402867114708
161,29149.822955470103,17.96996450912774,17.43845405817114,0.15736970623829039,0.12893920087346578
162,29084.75081697381,17.54017370736519,20.68866148897242,0.1629903050700101,0.1250676717886623
163,29097.498918573427,17.72810160755436,19.40148994198576,0.1671962953886862,0.06302264585186612
164,29219.316369419066,17.925791461700744,17.405297087694628,0.16330226929037772,0.10167997972918841
165,29111.03138927347,18.01391660144804,16.49561113021209,0.17139863392857413,-0.0020167207045838076
166,29069.112990512196,17.798882054622144,18.864182862316927,0.16829756907225613,0.03630021587259136
167,29019.136931157896,17.78087564926295,18.653949928679214,0.17038076576529781,0.052525274230627916
168,29186.01998168976,17.933124572133114,17.339920462691317,0.1534371026915956,0.20709084987812543
169,29140.857617289992,17.840493623356377,18.080737850031532,0.15645047751597085,0.18717270521106366
170,29174.452134040795,18.028914544788517,16.518366781326975,0.15749268438388442,0.1597637223482823
171,29130.171015525164,17.836773301266106,18.34890781765905,0.15828632053376424,0.15024918073633686
172,29083.835008017915,17.778041626005383,18.597478985264946,0.16563524753310765,0.10945815087540345
173,29156.828960261475,17.962422025197572,16.852217328687793,0.1568570892274065,0.19786749101229306
174,29032.035778601323,17.45566387164888,21.687552751344793,0.1729173622440393,0.023766410923680814
175,29103.113607230196,17.834347447950837,18.171883112486167,0.16580442969397324,0.09928580778104878
176,29117.04275667907,17.777168919344255,18.735269035003075,0.16227825082335023,0.1286959914962308
177,29190.200251400664,18.09970191634022,15.693244963609295,0.16125216531142295,0.12177659212841074
178,29159.23512457082,17.93973953944391,17.178089368260956,0.16621261180604252,0.0867962879638069
179,29034.474110893156,17.50205247634717,21.184714496976767,0.17066513896256552,0.04944437482998565
180,29094.073155367507,17.753058440134875,19.376499799752317,0.16781934886103123,0.03623767659229604
181,29018.688001930146,17.751876002020335,19.275344800045776,0.16414784803801064,0.07535306483566873
182,29216.53132431067,18.000483206436094,16.376130496167484,0.15968776539458174,0.17352764399763165
183,29190.336215805248,18.031617937978087,16.41869642388669,0.15884966804161693,0.15259954214064408
184,29176.614565996628,17.925197236012835,17.419698993983868,0.16139261635327273,0.12730744824716822
185,29144.613056258204,17.960515223883824,17.083728462039158,0.1581744624131325,0.16462707787041297
186,29112.293869514382,17.64767550291431,19.917461974487043,0.162549924498272,0.12014642199347059
187,29048.520503416752,17.693078790516058,19.16501022750957,0.17111317857396913,0.07826739410928352
188,29005.446814182123,17.59234518681834,20.270172644079302,0.17178188421180318,0.04968313212983866
189,29173.530988608727,17.8930283069084,17.597487521510498,0.15879779313184028,0.16912950391264003
190,29182.855909689977,18.061399550494528,16.688515116592292,0.16545749486432904,-0.010646239175937655
191,29124.203977099056,17.856700114727964,18.0539770047449,0.1576573837698736,0.1664769289135969
192,29110.252034668458,17.90650036778097,17.600456165884832,0.16140053738748594,0.131740152172649
193,29034.82430976898,17.52912523968739,20.814740565327476,0.1649960330680058,0.10409528454297978
194,29046.433780032407,17.741798085637694,18.966193813426038,0.17620891960481566,-0.0017295942952864074
195,29156.293244039844,17.94194378044237,17.041087811314537,0.15886674939823975,0.1791836235678893
196,28981.56235515688,17.39402012537003,21.691520606326748,0.1707402877422718,0.0678919889197146
197,29104.87498265689,17.786503887759025,18.637549281925086,0.15957916206633993,0.15259311444128743
198,29203.620921481204,17.955705706061607,17.360705038023557,0.16050765926891652,0.1101667401097276
199,29230.692035467648,18.05511657901254,16.010957991830267,0.15986641778103527,0.15065975504915285
200,29133.464344647167,17.835660772789595,18.396335394005924,0.1650671133373217,0.08321917182922067
201,29183.75060438439,18.120556017634787,15.371583113684283,0.16111801968637762,0.13913785809493617
202,29144.277329499004,17.946355254947107,17.097517120686152,0.16245554965445375,0.13038979452006327
203,29050.53243912053,17.522619180330643,21.00925254748207,0.1740210328559012,0.020544237210653127
204,29127.763803890448,17.709665942104355,19.134263319896526,0.16546748325487537,0.11949367371484465
205,29128.19922093449,17.781549476132838,18.669672519741898,0.1543352845120547,0.19430608298141083
206,29124.763905927044,17.957399223829835,17.36990962713445,0.16268861403852874,0.09035840932211181
207,29073.5088776443,17.816295868575967,18.388001866911782,0.1624391083442237,0.1245358628645944
208,29073.413198643037,17.69933111302742,19.534913731321716,0.16539953266649532,0.09152490580710915
209,29142.802218348683,17.850982488363098,18.11630821345399,0.16206239783471743,0.12552037010284434
210,29122.420338803193,17.73396690030965,19.136212829385215,0.15869595925618374,0.15507226694974685
211,29116.970629951327,17.82456385330205,18.546070466593868,0.17104577368871965,0.012339949404258088
212,29126.04571620322,17.866892778021867,18.04706733068354,0.15803472374956162,0.15432836667196947
213,29096.323166933027,17.727905009437357,19.421486818034204,0.15996817217385684,0.1197430420346065
214,29186.958809435608,18.066777886686808,16.014779311659332,0.15533262288731098,0.19735237236623593
215,29109.100026743687,17.868905825849065,17.800120712464558,0.1677986699238928,0.08097038413283075
216,29082.37460152104,17.65131283349658,19.82440731359638,0.16748705002731412,0.08556039631193713
217,29128.084709581257,18.036252338405607,16.152427601341948,0.16198869132857197,0.14206039277207216
218,29051.92841516324,17.425059535036834,21.609056222642135,0.17018052138155082,0.07432015808467796
219,29171.43269819123,18.047414328674538,16.159774134554056,0.16335133910558086,0.10599079418545931
220,29075.535185417117,17.75099798727286,18.890571108369276,0.16455341237769572,0.11590988269756386
221,29047.361967687473,17.68300567788887,19.670010922174924,0.16708639294131744,0.0748129428956964
222,29147.526222943572,17.98176792867408,16.936587160394577,0.16731992146103547,0.05348487822897974
223,29150.350187195407,18.034466841328737,16.6948862425002,0.16391767332919693,0.05363319301507108
224,29175.65377167084,17.963476966189756,16.9619848616857,0.1578720086048836,0.17340998406630648
225,29111.713397836746,17.718245441174176,19.24642490544934,0.1616568249241972,0.13250647253511916
226,29167.0312957018,17.833575314475556,18.216585280618762,0.16516283863147863,0.09949850011466033
227,29181.364415681794,18.04725317189961,16.059080152999915,0.15603991262431272,0.20579973731408907
228,29069.960535826496,17.66858818566809,19.69383918979442,0.16762620724158372,0.08134761586997874
229,29066.862053202458,17.578515933282883,20.48792029665207,0.1617076283465264,0.12178553027006944
230,29074.587050381946,17.659324215221428,19.823243609177332,0.16243682302300555,0.11852529725226713
231,29097.270441618177,17.794537416661854,18.75054433054215,0.16993027037679997,0.03665212275984431
232,29085.89492330763,17.70413581493204,19.49441777320175,0.16121720795576544,0.12434279149205663
233,29115.234176754413,17.80766087975179,18.43139841702159,0.1622440674776543,0.13132412935524962
234,29088.985233100095,17.764102316983895,18.63012672807145,0.16955399781955205,0.08221992854439619
235,29142.36163494811,17.917521533255837,17.323753057774994,0.1623705166552284,0.13959383221576416
236,29158.20467400264,17.851404751534407,17.994221494124957,0.16489425315600337,0.10885332295728134
237,29171.711993763274,18.032774328952378,16.403031538427474,0.15710490959429646,0.17317274503060698
238,29128.85417724007,17.701200743109037,19.58506908528505,0.16530653184790034,0.08503195603432245
239,29130.777575392047,18.017001963821492,16.79096673094529,0.15929885603211158,0.12703644951186932
240,29116.088812070964,17.79842303725364,18.4212662121064,0.16242101115476804,0.13919362993210715
241,29190.078603479946,17.918325434389093,17.554469022656832,0.15799886298356713,0.15805896054149415
242,29017.186029336994,17.63863057527906,20.0226813244075,0.16794796828880354,0.06983507781980158
243,29168.009798240215,17.908583379725506,17.437688470910217,0.16073986856228117,0.14996990178525094
244,29106.24905571467,17.880454590863387,17.901973503935995,0.15916258557250385,0.1479142583340498
245,29152.73181406317,17.994347218204137,16.66521747020288,0.16516329369748262,0.09545997379034055
246,29111.599301562823,17.862193948508704,18.057843499243123,0.16654179310197426,0.07506080864206166
247,29147.276299659025,17.869463383455148,17.887590938438773,0.1551173493047895,0.1927859241766393
248,29088.716493708624,17.781895300390875,18.550258139194565,0.168910993697594,0.08009097042975633
249,29085.835185265365,17.630822656819195,20.07237382913833,0.16724106611758238,0.08157197975607444
250,29092.769599557632,17.62032629128458,19.998765941033795,0.16033071634112017,0.14655870857945286
251,29171.699202523625,17.845548282760724,18.031656902506224,0.15595017639580955,0.191688886421161
252,29145.33178328696,17.86088788122946,17.891127755468307,0.16127100892976354,0.14648089110677343
253,29122.773389708804,17.930088174598367,17.48407410935571,0.16238135918161944,0.11112258325306723
254,29089.049421063224,17.84543679954756,18.277061618961216,0.17190589786535382,0.008115127750083717
255,29135.116530643223,17.936421477898072,17.260326043818665,0.16276927546436049,0.1223639435584224
256,29186.929012902943,17.974070380928413,16.955922789197153,0.1648989288219428,0.08324141314386813
257,29034.74505339902,17.731022646956355,19.293112270279725,0.16860623482765402,0.054351751857254604
258,29118.61702940161,17.845722034394957,17.961336256883666,0.1650257879020487,0.11693603698977029
259,29105.126180732448,17.689956512487118,19.60214452226905,0.15798841679112174,0.15058328974542334
260,29081.18998391506,17.780161180946642,18.73054866109832,0.16727441003710297,0.08028290282377393
261,29084.478248448682,17.765452270695672,18.733708599871417,0.17263241604652257,0.03859186927455516
262,29133.245481897466,17.852383530650062,18.202084556134253,0.16040195690204817,0.13234768201629754
263,28989.677321686708,17.50778785607089,20.976278325440823,0.1711066825494585,0.054821035382172756
264,29115.74748827239,17.71150563276012,19.290136553936396,0.1608688333587759,0.14146467128083495
265,29102.434369278097,17.81718572046263,18.52698253200621,0.1716702858112481,0.016553505665159673
266,29185.020340639265,17.9779084357515,16.834095237430105,0.1576794773773581,0.17696831224962684
267,29142.855854531514,17.877263288602794,17.859899549441092,0.16120467931067273,0.13538309812517446
268,29156.15196765008,17.824425791452363,18.397240795220004,0.1575358857812168,0.1618472070627227
269,29194.426941211186,18.122442034503933,15.485732573749244,0.15512314180522002,0.19765775596923196
270,29096.487742844663,17.98262193689486,17.058833282743482,0.16038788925693104,0.12279626912959829
271,29182.292191634486,17.96625460260524,16.874354089177555,0.16547555389401924,0.09111762003648094
272,29159.01587356213,17.8119738440201,18.234439652586698,0.16005128508660316,0.16598457665499478
273,29126.517754360262,17.805333375271555,18.765904477884497,0.16087669607465716,0.1149887917125898
274,29165.707998755686,18.036527383583067,16.26152693274593,0.16083616223517516,0.13692475211793131
275,29026.42530154006,17.56077864846661,20.55802971686382,0.1635169882064339,0.10903674874338432
276,29157.25212065345,17.856286930498165,17.97949241537491,0.16409810729271657,0.11032179405929121
277,29128.06870154826,17.876551957375565,17.63312144853887,0.16458211423619618,0.12474339715964011
278,29057.742671264394,17.69608375237795,19.580458227602236,0.16898344046668845,0.05720050623232564
279,29086.928844578648,17.68144227351762,19.851114382371158,0.16279043988363362,0.09375491181950635
280,29197.023565307594,17.96642754906426,16.802140202500123,0.16185719357899553,0.14511004814474915
281,29112.807659132526,17.953869630281183,17.29315257667956,0.1617883721235941,0.11313468294355633
282,29139.14057771674,17.872848852958686,18.046872846250956,0.15745314240935093,0.15505923126341126
283,29106.576344907706,17.80041164462412,18.334506186565715,0.17375419211201526,0.028612853296904994
284,29111.127857525014,17.802272108420574,18.52149220953939,0.16628048936643292,0.09012560379447099
285,29109.58021192843,17.70452461241346,19.56804784612425,0.1647316293815334,0.0898235706041951
286,29089.674261040705,17.7259807139495,19.30354589746038,0.1588672227791742,0.1422676600031112
287,29071.900170061755,17.679417978368527,19.698001144480187,0.1574113703295763,0.1481930944090527
288,29106.72840039585,17.929066035533502,17.43537822218611,0.163492438804546,0.10483072234062885
289,29142.42216440395,17.833806498430814,18.01711090241199,0.16657439419133224,0.1056659336465735
290,29086.726708229064,17.789649122896197,18.561360150692312,0.16794870396346429,0.08119770483763067
291,29168.962883905046,17.935596716937205,17.660139090041362,0.15677535505850737,0.1437061074144701
292,29076.586872789667,17.586218496307456,20.411086893945335,0.16660072946142201,0.09091936948183543
293,29094.808849452158,17.72789912721547,18.949651757026263,0.16660296050806445,0.11149622168658135
294,29161.82463165753,17.937751647382306,17.153694951212653,0.16323210570199842,0.12587037526899625
295,29168.51643278886,17.857476653643488,17.99882350001489,0.15874274777484942,0.16179330077843979
296,29085.861765914586,17.83739049816043,18.156604526054842,0.16830888630986662,0.07165005141367276
297,29127.86245200634,17.855116780978157,18.248926518035585,0.16027707222164866,0.12549749106448427
298,29068.869686434613,17.84500553794378,18.448624420728077,0.16484542800775426,0.07070351443209
299,29150.928798630594,17.89861528765955,17.52286664488116,0.15921906931704488,0.16776071059152797
300,29125.26855628277,17.848534535555242,18.26666205886237,0.16621424449062405,0.07191778200610743
301,29085.11353358881,17.778940376834814,18.686627949329935,0.16542633789718753,0.10042429987664447
302,29070.318871427524,17.678015128143027,19.584138889326745,0.16320456131757766,0.1181311397481426
303,29052.07700510898,17.84985365410993,18.13898118957289,0.17110691420120216,0.027879991754834466
304,29158.841987191463,17.820541994958262,18.521409055330018,0.1601228453315644,0.13185020041456297
305,29078.779444350155,17.716352800162976,19.33701849027985,0.1669725883174349,0.08148372514183955
306,29138.00826483868,17.953679530708495,17.193993171793206,0.1620405740567158,0.11971579835052049
307,29137.08962459392,17.948843003416798,17.144071981536673,0.15772128744064573,0.17385195035607626
308,29220.300532643338,17.96483382811257,17.026325522396988,0.1536434592408089,0.20175266410899262
309,29116.453402012277,17.727162879522908,19.185634617909496,0.1644108679400691,0.10939296620616823
310,29076.93390153561,17.667143668562574,19.51454951864855,0.16712766947262703,0.10433120599311041
311,29131.210908955578,17.887877279313344,17.76117113800683,0.15927226894386548,0.1537842558551471
312,29145.636153695013,17.98059363764373,17.006899995545908,0.16379313043904153,0.08602905117866877
313,29060.504167201383,17.700063477662194,19.27747136244597,0.16155496059548313,0.14248600341152395
314,29107.92886028976,17.74325778751386,19.11043654133448,0.1628267005080799,0.11712465824210683
315,29095.12325530716,17.722871048055378,19.223601523256093,0.16406985357040416,0.11170006041477054
316,29100.783408918756,17.715999274008873,19.145448348570067,0.15937264008696084,0.1621541763699642
317,29183.54288432397,18.098573504809288,15.642465723684616,0.16142970626132225,0.13137278502576588
318,29144.92931506894,17.91747930445775,17.79006056873592,0.16660048542713513,0.044375530071700586
319,29144.228540800916,17.840654044102514,18.463188417425208,0.16571324728271986,0.06479726631309146
320,29174.390461602365,17.74713636445565,19.18405572377318,0.16225970259804257,0.11138294148548233
321,29145.27464419682,17.786756435367664,18.547164715651274,0.16305316273502535,0.13171847163599137
322,29160.520370660743,17.87603645689257,17.829993097059155,0.16722639603123168,0.07199040225688313
323,29060.042338777785,17.850563191073608,18.494778202092974,0.1636742582585582,0.07349488357418477
324,29086.554953641815,17.812426515659162,18.45162755170079,0.16092459157504235,0.13548969111472497
325,29171.464958917484,17.87447607820435,17.812457074827996,0.16131684856406814,0.139075500460619
326,29070.61161323406,17.718304382374587,19.18881949923162,0.1589661714300722,0.15455185217896206
327,29104.90915371825,17.8557579582708,18.055522134528445,0.16286866994761573,0.11895890060118597
328,29120.650200196433,17.88027150015693,17.626076924128164,0.16434716589338316,0.12364203523258466
329,29096.17234317066,17.88993536125568,17.833151896559407,0.16572270637023212,0.07946625790771988
330,29096.00224049361,17.943178761974238,17.410080647034984,0.16104489885218687,0.11983741705484019
331,29187.221041108354,17.840608540236907,18.2620922229991,0.1564825593269049,0.16901152653753548
332,29070.843209480394,17.74610161198083,18.981401448843712,0.1640704334531835,0.11155892919422583
333,29021.089167818544,17.585683201760148,20.3180693208018,0.167818615066891,0.08739655820583991
334,29182.606843976795,18.052547230091953,15.955183506114432,0.16308533870966557,0.12898592651413843
335,29214.850628254164,17.970530189661826,17.157002249235617,0.16306003247464773,0.08549905262074897
336,29097.385732296207,17.875720822378547,17.91618823754012,0.15505014010251528,0.18366492177901217
337,29118.556749235886,17.863024535356537,17.90554980990256,0.16904108196895273,0.06317521420544459
338,29158.657408805295,17.888899099338435,17.84044446459772,0.16382708813517666,0.09726128951131852
339,29041.73824826128,17.45990665221803,21.286941154590885,0.17265677204804997,0.05579606085674271
340,29203.706125372733,18.014644820185836,16.566258959117516,0.15963350846544244,0.1395296444109042
341,29144.711258279676,17.802273372585564,18.424299904939875,0.16603381401969608,0.10082981481034459
342,29107.49235304685,17.79872776911199,18.60216187018324,0.1626498303146442,0.11999537674265903
343,29055.109496035097,17.578357129265406,20.414128023374033,0.16187806521629466,0.12567022033798503
344,29173.02391306906,17.986031144655485,16.782703750488363,0.16121470662226067,0.13442927950425665
345,29091.283795767577,17.79432293893063,19.042603644938165,0.16191921308947843,0.08627007884916738
346,29069.055687945583,17.763733827093777,19.061017740307403,0.16594749084685567,0.07563054801576807
347,29097.529724571214,17.83244000807869,18.14741593708732,0.16509347161422216,0.108786338221045
348,29177.298941983267,17.95614250215847,17.211284318636473,0.16133216155345342,0.11873351072506466
349,29064.22977471318,17.710680515378687,19.126408279354518,0.1695358709996605,0.07846549667134728
350,29121.717875495364,17.7383511273909,19.213303887115373,0.16140594302335332,0.12361639781629408
351,29178.20174713161,17.862389071691766,18.22900180937068,0.16033352931230926,0.12143323216430524
352,29100.052942180955,17.911704996119983,17.382064422332952,0.1639701774347463,0.1228299338965132
353,29081.853300541145,17.694107403449273,19.279556404202413,0.16445191167817175,0.1257345290888925
354,29107.377715371906,17.70481337789155,19.373626097330064,0.17085017431985106,0.050523296597069334
355,29053.03759973024,17.697899415994712,19.552991381743237,0.16120606865339082,0.12070859765908504
356,29174.963467752183,17.960504962993053,16.81450889548133,0.1654320054807037,0.11186643945770824
357,29104.53930421849,17.865002467642842,17.96757786845289,0.16326118780671472,0.1162743549376345
358,29063.47777510118,17.805064390860885,18.77727304879647,0.16152976092829663,0.10583183030529797
359,29199.45716483353,18.018226858544672,16.636524596606797,0.16096416793218116,0.11290795868490544
360,29009.843252207695,17.341422982279372,22.101380061688655,0.17140580401269756,0.07387033099571116
361,29068.427938184534,17.93590232141073,17.355394931866343,0.16357875533833655,0.10154788921152902
362,29158.459453963842,17.918693032534456,17.53561289060435,0.15888195085641854,0.1520966546877388
363,29149.33245099876,17.958881039517337,17.328699771737863,0.15706279994786265,0.15002193774664085
364,29184.034643704923,17.867553593211827,17.74722862905684,0.15820861110183304,0.18176574166671455
365,29068.267934337055,17.81057098846494,18.35718280126616,0.163970994800126,0.11973541239592789
366,29135.439679173283,17.7172456276491,19.09052831543248,0.16966429096726898,0.07604786413458764
367,29156.595508611485,17.98501581908395,17.062535796894934,0.16430005755836408,0.07389337461593581
368,29110.903029936715,17.781069255478858,18.939820506824212,0.16127508434218085,0.1154915699862662
369,29143.260027716762,17.932981613045715,17.26537729204616,0.16572121261443395,0.09123702586452087
370,29121.64722907998,17.812091959801975,18.427513814214795,0.16099719036404292,0.13991331741436974
371,29149.70167206221,17.90930482307294,17.436546436126246,0.16432149595995427,0.11009083504468276
372,29122.825840913567,17.727737312241246,18.97587801004774,0.16512374316015188,0.12244113121960665
373,29154.262309516984,18.016813110282126,16.46588541691016,0.159468339669109,0.15928975198744977
374,29025.66236659406,17.736974015089853,19.488298399353894,0.16612656571757678,0.05452882301740303
375,29117.15281519075,17.889349605893635,17.889265883894552,0.16539133773962622,0.07728263673128588
376,29090.87378426261,17.730636164634294,19.147111195002182,0.16963100125229358,0.06198028774047826
377,29121.159683834834,17.858193995682374,17.767577793123127,0.1618994447878691,0.15400918982646938
378,29099.180955774442,17.625064187210285,20.06452156133219,0.16068333225165587,0.13656309471828532
379,29174.167553730946,17.93835326381383,17.645080349136,0.16117847620341696,0.09793669584798026
380,29075.06610866956,17.752523467963652,18.943144818101338,0.1671751632082772,0.08570144970194693
381,29081.933513445947,17.60015090651018,20.26780420684828,0.1576877549556419,0.15478082594335396
382,29066.670723109746,17.85606777687934,18.281805191110585,0.16394449397638344,0.08571046016338646
383,29161.8713446718,17.887348794868608,18.027392396933983,0.16669998122305185,0.04643317165418792
384,29055.26583770397,17.57453958422773,20.268294325225263,0.16357546649417287,0.1296178056713918
385,29183.9720402405,17.98036161268068,16.869838503145544,0.1630453280238091,0.11115256404216367
386,29170.924506916544,18.03306799456697,16.351140560224888,0.1584371291077774,0.16491302106834782
387,29119.92301656586,17.84159742537702,18.288232056836144,0.1618750780650936,0.119814143176177
388,29125.23984555369,17.873296512154102,17.94820088808678,0.16621861877549826,0.0786149929533636
389,29142.743327480035,17.858457753911274,17.946287445288682,0.16450150733417812,0.11206399858810467
390,29174.02606741472,18.0299856769266,16.419573615462635,0.1571573148823795,0.17373724101759647
391,29143.659147269434,17.907202564689708,17.640314991728687,0.15335786157465436,0.200928618369401
392,29137.963425308888,17.837669177119274,18.106465032897226,0.162932191381149,0.1307671747485124
393,29104.513742311403,17.84134044086844,17.998187147841268,0.16437349990366779,0.12371037016401143
394,29134.68523089939,17.747009678186995,18.967624969202603,0.16594970722584845,0.09853631242725003
395,29126.364536377063,17.812608008730624,18.46205311091687,0.1674415892490142,0.07103055363578392
396,29114.796023312094,17.876281860880066,18.11700918063726,0.1628724257780736,0.09480198006705409
397,28980.3989949806,17.536376741997927,20.674893032254833,0.16752809591095874,0.07603916654810461
398,29135.699953620424,17.8505445796633,18.24659933069698,0.1642094165153145,0.09120553839828438
399,29134.112178887422,17.851591245681465,18.035969243765326,0.16455616262264394,0.1089977721746479
400,29148.778793253514,17.9969362706127,16.6898568094562,0.1597650493413736,0.1532219384895176
401,29116.45055242959,17.74329869774876,18.962532009166527,0.160113109690311,0.1522026914906094
402,29098.119846880745,17.878013027937204,17.968348764854753,0.16182278623433266,0.11843239528586269
403,29132.523616699626,17.848201198344125,17.702513102383023,0.17021677916771283,0.08394647600478933
404,29123.03691358028,17.664550122949546,19.69362330069968,0.16608710455684617,0.0988028632044129
405,29100.372077329164,17.789372606786394,18.75655221084098,0.16066655379625927,0.1307864098849506
406,29192.9890941175,18.07774119033652,15.79503218088664,0.16181398850829887,0.12950871326820212
407,29002.54881223671,17.693491465958292,19.43977550454567,0.16553239577893297,0.09730726473286089
408,29161.86473416007,17.838742041859952,18.567627487049673,0.16458821989430683,0.06513327627445809
409,29114.32949750936,17.72480632749145,19.409299644768794,0.16304833637630345,0.10257105074686057
410,29143.28905743084,17.96923933257621,16.846151837173913,0.1607564373687782,0.15390476028084443
411,29134.333568376846,17.680321491228018,19.85367661678379,0.16698767043255414,0.06349416332199076
412,29225.124545719576,18.024950359900853,16.478719225686316,0.16195573228060833,0.10626472964828226
413,29097.052585287067,17.81768915171122,18.331289207577335,0.16279125408246642,0.12671662253258642
414,29092.236552355353,17.70539352961659,19.357309897026806,0.15961429621867673,0.14903019702858422
415,29096.95457903541,17.78788735893048,18.711134790365666,0.16208393612282435,0.12404165882322027
416,29120.305027621653,17.831120453349907,18.243729091864015,0.1657074095202744,0.09357808459985772
417,29012.010463545677,17.431643035886268,21.437690294144936,0.1751271842300478,0.042618458744482224
418,29137.199389975078,17.98482339515902,16.931105953576246,0.1606019609012589,0.1317090268394473
419,29129.8925229514,18.00194635322564,16.890592163322133,0.1599135531362995,0.12484795267453297
420,29117.689985193727,17.865564016252428,17.85851792171316,0.16879439322278478,0.06801973918807469
421,29171.406601435883,18.025372132988625,16.67238719618429,0.15551901467732898,0.16956274352311207
422,29142.840387158867,18.001120124171855,16.86288466971261,0.16223740828143685,0.10080506082143714
423,29055.625617646874,17.670852323902412,19.52963757386834,0.172275927839439,0.05312360021717599
424,29136.694059911664,17.728780228828622,19.067327350741063,0.1627885673827817,0.13306302191421193
425,29119.979584329594,17.719880701788366,19.19037022635585,0.15894253109291745,0.15875273876961482
426,29097.710820817003,17.670018673564254,19.922150415275976,0.16356268459669498,0.09221088148412071
427,28999.654046246866,17.71404839789087,19.27088036037225,0.16581195979249097,0.09158841632672632
428,29142.02871859909,17.86338068143681,17.85478422736563,0.16330982065500377,0.12772802246158332
429,29200.353223389175,18.00444417969682,16.720422909910205,0.1596194145787163,0.137910203728825
430,29104.31500109918,17.959365942884787,17.078479738851136,0.1680435549817355,0.056222013570135565
431,29038.667824494107,17.644844748825243,19.924354111613063,0.17217380962182094,0.03907259773157379
432,29149.518797200362,17.85552087560561,18.136391305458854,0.16057002190607217,0.13430346209222266
433,29198.160326553192,18.031474742753282,16.371277614541327,0.15755513573165114,0.17197904120886354
434,29119.201764063135,17.83368279518092,18.183959686618465,0.16284040921665743,0.12482333620698438
435,29138.61537468504,17.939823903651764,17.534236575976582,0.15789802043757362,0.14009726832271696
436,29175.25064587046,17.890036512286255,17.587896986705612,0.1566358882462352,0.1909855204362888
437,29055.681411506637,17.463734474670975,21.500354763046534,0.17239045538308329,0.0391007313715086
438,29071.08062185692,17.588245802261454,20.21954369282799,0.16081189588737643,0.14621177524388773
439,29139.204004150117,18.024641392241033,16.352241724693208,0.16671390419484278,0.07129550343591018
440,29110.774124159885,17.80831952479009,18.414344888753966,0.16323323831370762,0.12422552654656194
441,29111.240053159578,17.683800443805392,19.731152404021714,0.16975382236336267,0.046381851160182674
442,29090.98795271459,17.82478218138913,18.375938124844186,0.16167423967217642,0.12796191930773193
443,29122.74851786949,17.71126362078674,19.20360257054853,0.16510852169720736,0.1148958233019407
444,29122.696274410708,17.927155249335545,17.500325286397615,0.1637969933120822,0.09656938965164241
445,29122.263666715742,17.834681119483612,18.310705835468934,0.16066432977250722,0.13327401901263813
446,29157.459698092633,17.916516868872947,17.338160028603184,0.1595415552075008,0.16627603347844877
447,29144.69018467921,17.938930838929846,17.21289196014958,0.1695431499742004,0.037628326039992666
448,29067.339002953042,17.825081582365794,18.58084564882567,0.16123346160363328,0.11007602496802293
449,29134.329891276808,17.76669021624429,18.826541377294383,0.16101069692336045,0.13960077564858242
450,29063.58589372226,17.72847083497633,18.9977191065234,0.17146204876500226,0.05854242262421183
451,29151.64322594841,17.905161270217942,17.840438075841,0.16004127710829463,0.1230172061159287
452,29138.46066632665,17.837670453007892,18.33809245096996,0.1565199671243157,0.1657111958134283
453,29062.58163570321,17.648693342942096,20.071605885057195,0.16227442146262694,0.10454784914309811
454,29145.63204600484,17.89867950924798,17.6868872496559,0.16648741592443217,0.06688023927988052
455,29124.876706005747,17.75774553421882,18.884369257835655,0.16657989184525102,0.09235365810255236
456,29140.10301194602,17.798200512441866,18.49379293344801,0.1625568375750207,0.13153630333634536
457,29130.782964040336,17.871756741096313,17.897745925462704,0.16356529832092503,0.11349703263088806
458,29203.49964564125,18.190685403262076,14.735633020620048,0.1617269143097798,0.10081728116873434
459,29019.50394671903,17.588491703874155,20.368219178429648,0.16482899137200113,0.09938788624831574
460,29157.65988622531,18.02473380363925,16.226617373068144,0.1617636020505776,0.15046263666486104
461,29051.71137781816,17.610743230583267,20.1189421495807,0.16871679285673757,0.07978924380419894
462,29161.78669417928,18.03878578236759,16.713428448570937,0.16277699838542992,0.06730939207739794
463,29079.05469246072,17.734954727897765,19.145463947649255,0.16504503269566595,0.10131630138146075
464,29182.77759141099,17.97783334875723,16.869764934964063,0.15336003085986805,0.21456918016963333
465,29077.76435482721,17.757105553309273,19.025469061962404,0.16371019309667978,0.10469200451824989
466,29036.33199184692,17.473856166167796,21.327526221388478,0.1665119694898043,0.08566429623463412
467,29129.75046223079,17.82478740636036,18.36078802049475,0.16548398725268054,0.09281143899454958
468,29142.622276856106,17.82892841353457,18.37559784079088,0.16373423728804604,0.10415301612724226
469,29166.339433377725,17.977167778109578,16.81020287193102,0.16303242166668297,0.11917104226317288
470,29041.445258738153,17.68434081513687,19.657934218627823,0.16193273692847,0.11606720848791363
471,29143.46411292025,17.91956681641651,17.53881698686647,0.16392502118614083,0.09932496756805731
472,29143.334814228932,17.854933050419675,18.21619818163507,0.15770413576373132,0.15310934509239504
473,29101.870413814388,17.790464285676496,18.417693903650335,0.16814270200922965,0.09288969841807548
474,29094.263614185642,17.847522406132224,18.296273811471227,0.16316977583899173,0.10114880020748218
475,29191.741345278497,18.039427041714767,16.40369069818912,0.15990776171979448,0.13540126747615577
476,29128.025200996344,17.798095136865797,18.576356551492267,0.1624375432577152,0.12492948649804081
477,29037.99666371488,17.469910762364186,21.34654964164438,0.1698083444144134,0.06267000960926739
478,29121.144061135135,17.83638589599825,18.1104289522244,0.16640794368529155,0.09607384427642673
479,29184.44362631542,17.996224113179252,16.6656630437592,0.16189171179898365,0.12459081930428684
480,29168.111676783912,18.013803532477183,16.943366418173653,0.16258632827954256,0.07276620494376229
481,29108.296367045987,17.816710304333647,18.702876144796445,0.16521668507526166,0.06937440014322926
482,29121.636418095506,17.878594075901486,17.896500615865257,0.1558771868649248,0.17902962860240212
483,29058.860343923723,17.54832955068351,20.64348702128226,0.16314935327865732,0.12056191810651995
484,29159.084302154188,17.99199539905205,16.69373897449331,0.16725020071499763,0.06641985736702916
485,29020.484265162857,17.539582568150877,20.560005809428784,0.17117059180522753,0.0752887987447578
486,29101.740478322143,17.811510515567093,18.350938013270095,0.1620717610865655,0.13801189265541092
487,29122.679346616504,17.77048189472946,18.683692586276432,0.15648542118735487,0.18202923892042921
488,29119.14531819581,17.91801818413112,17.54574820012085,0.16456211754207473,0.09321398502131517
489,29190.539379932372,17.990906906205424,16.58623740984975,0.16260911672205247,0.13226206677767005
490,29092.904511379347,17.819081423417042,18.48925208062965,0.16161703019967433,0.11938443981723323
491,29081.582181443628,17.852134340184897,18.054587513951965,0.16598371522531785,0.09154562126827004
492,29112.80660405477,17.892527251410076,17.566001030733407,0.16404872814066007,0.1217228044251426
493,29115.971750079458,17.791901263844288,18.71173138053671,0.1596429639804946,0.14187890789519442
494,29146.691554498233,18.02284855664162,16.23836761707807,0.1657459607494013,0.10151924131721746
495,29174.48300462206,17.814690707990735,18.28480287166995,0.16385738090183322,0.1208555239011232
496,29177.503295778013,17.729011512672713,19.55298366506255,0.1565741194680027,0.13827845254036175
497,29029.12868015684,17.583166247950064,20.41519370849269,0.17077202999070706,0.05745330274243876
498,29112.134365234444,17.82920061218486,18.272150379480102,0.163168758285841,0.11971097922027607
499,29145.11285513491,17.909806284379588,17.708834861495397,0.16329175366773918,0.09784057998788032
500,29180.60260357995,17.964929013247495,16.949330257272734,0.15622648820688412,0.1907437791332791
501,29058.513669253673,17.678466873026334,19.598369673802903,0.1719422261091048,0.04273739041635993
502,29114.250827606516,17.804132799790953,18.681116734979554,0.16678964914742356,0.06565616945113306
503,29114.71472409081,17.798638008780223,18.287595269090872,0.16017563135849533,0.16776504858221775
504,29148.38260015786,18.0270537641044,16.37177704588515,0.16026678867893784,0.14921311940522186
505,29070.478281902262,17.652644131963722,19.936416790590137,0.16267609039661257,0.11336754814951
506,29158.685808026366,17.96382361274778,17.12798643923438,0.1643956965392407,0.08555933325776732
507,29071.29900490617,17.624790940940606,20.01467872284209,0.1612986765937493,0.13548672527617733
508,29087.021994329138,17.721055443453146,19.5591623715143,0.17040361432049345,0.02145735057989262
509,29176.954962814925,18.015359087087127,16.51666442210259,0.15984908116461638,0.1500150068429198
510,29138.249451493848,17.769293300919568,18.717271077647077,0.16455756143441413,0.11678058889688225
511,29121.864186309092,17.80188538483822,18.49693509896364,0.16442104856044337,0.11085463958291775
512,29132.695563154637,17.76772307251046,18.678406135541547,0.16105891461720268,0.15219034405595933
513,29170.057668201945,18.020150559030593,16.594989628639848,0.1570076084650912,0.16737864865548457
514,29035.573651501327,17.49793795499309,20.964358331681566,0.1672872769014292,0.09535595614920622
515,29081.315250882824,17.72837783774545,19.216879860700487,0.16221085139277713,0.12185500352595502
516,29111.755756583018,17.832432235840063,18.157426114087905,0.16543942978410897,0.10632328867670304
517,29182.65275802682,18.100817866409006,15.63468253333988,0.15917268302752752,0.15855277994200034
518,29110.152880784335,17.795437516230194,18.931740657270407,0.1657418656449824,0.06146791384615835
519,29104.395818102534,17.946071470634195,17.389047740653968,0.1663087424625007,0.05761777248364386
520,29165.27910030506,17.834083480321276,18.27843095386641,0.16286095316234817,0.11612789149316627
521,29091.59478558467,17.584871308293906,20.122280912603017,0.16431532266989668,0.1304503535879974
522,29116.21967123609,17.763902831265764,18.721454764026568,0.16841832403461865,0.08492892649326533
523,29127.71610873491,17.9603010460771,17.295461401512036,0.15936121326902475,0.13203415929120477
524,29124.718558320063,17.668967548791862,20.06239299613766,0.16414325267156704,0.07832154759056575
525,29089.615437305314,17.788614242948288,18.61950324013644,0.16625641505395328,0.09334309333445368
526,29071.51818409018,17.910398922062335,17.78245926749651,0.1620748327590008,0.10356633138153515
527,29134.642563692458,18.034005402464327,16.36853898112984,0.16412922266293528,0.09477352130085048
528,29119.96601069664,17.937974022178476,17.153672412961026,0.16485167979177573,0.1096342095786127
529,29137.711741301828,17.76400530062912,18.909531322206707,0.1580379055052683,0.15889894628297951
530,29136.093639098435,17.89280689817309,17.737256081419716,0.15839569401781173,0.1599323113967368
531,29094.642528229808,17.67009634094219,19.506312743154275,0.16912519827192107,0.08507239776970987
532,29119.35820121447,17.843477638072272,18.263801463299703,0.16055904911108165,0.13248089954851194
533,29082.947177701368,17.936798906124483,17.323427914510546,0.16693676150045222,0.06796913115163805
534,29129.617980460007,17.969511078114447,17.313476873585646,0.16103856217462642,0.1032202818535286
535,29172.857599880324,17.770822638654195,18.661675459077507,0.1676014369947687,0.08827435213109414
536,29063.54319936817,17.73992003961256,19.069600911792378,0.1636610761858699,0.1147156033757204
537,29172.87303217382,18.023225043566466,16.42411633370999,0.15893496127632245,0.1611378463434211
538,29128.162506163295,17.725058886129737,19.44900047318262,0.16012875827613526,0.12281841718913777
539,29085.58166952928,17.674999091997304,19.419486238182106,0.16829163133880176,0.09565964071097155
540,29076.848596223546,17.818850260909038,18.449547210523267,0.1621376145683754,0.1182775571625917
541,29159.49742465395,17.868265641217146,17.9035413941184,0.16349193557774144,0.11374721668549581
542,29052.690988231647,17.674770417863243,19.347423216404692,0.16814091628148586,0.10357619624969328
543,29177.262686759073,17.975602312706556,17.270574832961398,0.15720804673988076,0.14097107173002021
544,29106.12745472455,17.7505900229233,19.222585431098878,0.16370630237441874,0.0928458650295032
545,29021.64680184823,17.596294270134862,20.34172499537175,0.16746153828830446,0.07984882575897512
546,29124.374730950167,17.69748047969172,19.831310545095892,0.16338746386006575,0.08248776553383397
547,29132.467673675936,18.034253924047036,16.279443244418363,0.16322685223366373,0.11642664206778586
548,29175.544289458667,17.988190522227352,16.78256820465126,0.16045866573052947,0.14472488835093156
549,29159.66390959423,17.857727373532374,17.764045480361347,0.1639565748245606,0.1341244702203247
550,29032.06599164322,17.672667237962166,19.939199308341355,0.1610568162332593,0.10039443641858703
551,29064.407124943427,17.658391988605093,19.70819419847732,0.16563119985203067,0.1040477887894331
552,29081.67216203019,17.58457000857921,20.30653505667377,0.164092089679578,0.11926680824933389
553,29105.01342936387,17.723923757983485,19.077008270379796,0.16281647140635813,0.13445128815890506
554,29204.996691423625,18.018760079904947,16.390232026883716,0.1585642222775837,0.16955712581863747
555,29065.75137060836,17.87353809754954,17.75256307499226,0.16847572600982363,0.07378556272702819
556,29149.915687518645,17.95001962855343,17.040848276335982,0.16044274478927967,0.15640452979784725
557,29169.88982846032,18.049363693908788,16.107836557817322,0.16517439101345321,0.08496165575683867
558,29174.549936271844,17.904810188898626,17.591516964693515,0.16313291599008395,0.11141904624304066
559,29147.013652277907,17.81680291029604,18.723716441983512,0.16407507368518026,0.07555498320701237
560,29148.29389016449,17.711183471979673,19.265810885643987,0.1625704385366218,0.13021787318193423
561,29139.383974050535,17.93484958790715,17.19921625139816,0.1579802690926727,0.17848668241370858
562,29184.270648189766,18.117829574168802,15.505481718670888,0.16343268967660818,0.09235437026882332
563,29005.67316647024,17.53885477464941,21.036059211536422,0.1649455902306861,0.07864065196607839
564,29174.80076436307,18.047798356371104,16.17051518396477,0.16192242046408534,0.12784222480682206
565,29077.360228750604,17.898060982142987,17.71291693042401,0.16503081529085872,0.08982815009878808
566,29067.406603619755,17.563890633960128,20.402825770311324,0.1619149515193843,0.1365545136295676
567,29150.337069327386,17.917158405229276,17.82135072895204,0.16786795943084631,0.02186078517466261
568,29084.28831739413,17.772878590818813,18.80304858035331,0.16405684135859788,0.11033111844034693
569,29149.036438023868,17.755769112373674,18.836548694713652,0.1630800064723147,0.13020269796640205
570,29143.20861739975,17.93008245707104,17.409993373424573,0.1583155205072725,0.15942106669084954
571,29180.197849202286,18.006435321215694,16.54555842852018,0.1635912744557061,0.111921038662672
572,29063.656511994264,17.67655578507131,19.974484980535575,0.16781552524645071,0.045902822797602494
573,29142.18094217866,17.895585425465512,17.65108298793572,0.16439356640520142,0.10686814771482922
574,29090.263290222923,17.781079744974814,18.6056956874921,0.16435469595952656,0.11654930699396215
575,29120.509950929147,17.85968007336955,18.055583027899125,0.1536775410018334,0.19669291427588165
576,29166.66319622976,17.858740793427454,17.85217635868804,0.16339926178780728,0.12751521214275507
577,29053.111134721275,17.646782201609895,20.014078705768014,0.16889233202910536,0.05495424347953071
578,29130.05344646416,17.832420602923474,17.979353776128495,0.16389199610172356,0.13764777511966197
579,29100.192304579927,17.758284753662807,19.113255833839887,0.16640122678391422,0.07066555833213573
580,29135.3922093731,17.94285146695404,17.259695585779028,0.16420645170391146,0.09927684051879138
581,29124.68414650827,17.840110493903044,18.39604821821216,0.16187576214502086,0.11049733522470684
582,29139.091925250606,17.759912063415964,19.049802766409034,0.1568151418733016,0.15904546776658324
583,29155.291410136426,17.87556203416367,17.788515411622715,0.16313865973418806,0.12408757787270042
584,29098.938538813138,17.809755537967284,18.752349558346904,0.16520450553928456,0.07060936796413786
585,29200.37095992094,18.03514015385564,16.304969633833093,0.15767147280177563,0.1745061959476274
586,29099.95769691476,17.705553887355254,19.44630720120803,0.16652003970725393,0.08467743006805173
587,29046.95840243461,17.68155398788233,19.34672056096282,0.17024493403607854,0.07947491320249256
588,28998.012807404448,17.586787085648847,20.450549234552255,0.1644210850958655,0.09653085474819656
589,29167.536727786777,18.01175865946029,16.382242879729652,0.1641147009542515,0.11636714856148922
590,29155.57312406454,17.993513128622524,16.86505608955476,0.16725487121505278,0.04350053128926501
591,29136.635496486404,17.707672075248915,19.04300879970012,0.1667328728009918,0.11704168150289995
592,29139.67690388485,17.911712488213492,17.594258446197184,0.16236818275720144,0.11523986073503611
593,29170.026176938438,17.91104124472386,17.387397473236515,0.15711940550789005,0.18896186589801456
594,29088.318056032134,17.767453827889963,18.8272205981896,0.1623666675488814,0.1272243131360865
595,29089.752542619437,17.732964524928327,19.066376689739418,0.16083803146661413,0.14326518149068224
596,29107.906184211923,17.948527029325696,17.264957111645746,0.16734753155985704,0.057227875881113444
597,28987.642275900966,17.55818708816028,20.56618317509588,0.16519898292752966,0.09378365253578302
598,29079.269807553905,17.730237821163342,19.300947705929154,0.16119254428560503,0.12083900313295426
599,29228.662810366688,17.965212194876784,17.403202821759066,0.16537374217132172,0.029148452375298173
600,29056.847915414648,17.66266629661972,19.83017659067451,0.16219955602834124,0.11711537206890543
601,29110.164087007935,17.922871817504642,17.312381278874202,0.1643756497370057,0.11409229284031697
602,29115.22551251432,17.862925256389083,17.974688760180147,0.16430018113367673,0.10689069556692998
603,29109.70090387525,17.62173083802359,20.030654253257545,0.16120353303161128,0.13754808869415702
604,29144.39937386151,17.906160639186222,17.549070798985547,0.1643778861468136,0.10625430445416606
605,29044.881611017256,17.72068840094052,18.939496018163663,0.17365144750116546,0.05068912447318241
606,29074.13707952826,17.77644949306458,19.11627156955243,0.16520572731253758,0.06369058963085028
607,29203.12454406914,18.088507539686127,15.654124926862306,0.15859233765813363,0.172573206331478
608,29131.880086018333,17.824764313204234,18.518172677684902,0.16300303782527836,0.09879260236097065
609,29205.094876351777,17.88031486858291,17.842869371768206,0.15555951622465314,0.1847810529794517
610,29202.83495080836,18.03311631905028,16.192019240424393,0.16030046341772342,0.15824888999503983
611,29097.996222726244,17.598377271352064,20.608194905455004,0.16620152886424677,0.06651230008777709
612,29179.600894641244,18.03452472316892,16.434723870060328,0.16266063213889992,0.1005903746424428
613,29146.71253723864,18.06769116612174,15.865895688670358,0.15987398173418876,0.16389717533358572
614,29166.319889005616,17.818080999187124,18.2144374415204,0.15594964110308152,0.19558672831370905
615,29089.743888101682,17.825816176695827,18.191425943176952,0.16562352032571814,0.10572996565977655
616,29057.969946020923,17.778777306126823,18.715312622749305,0.16458982424063717,0.1076262283183329
617,29082.355546523497,17.747939738475843,18.991022869506864,0.16221579525054053,0.12881958818346462
618,29040.867742297687,17.572843223037356,20.42307888029773,0.1699730193202983,0.06651712364911322
619,29131.735406796968,17.78414603905367,18.878400181024272,0.1656228867692724,0.07684654092349175
620,29180.696473474927,17.924501187655633,17.284091998621598,0.1626847596245249,0.13054177157727398
621,29174.435534692333,18.056288526760785,15.816119918901718,0.1628180792420153,0.14397129806605313
622,29087.97680148488,17.736820380358502,19.37755592027029,0.1666298229855443,0.062382693557871294
623,29089.368055051746,17.756636774179807,18.89402330390297,0.17039890915428468,0.054528393724665114
624,29066.4338621552,17.693594400933655,19.456287784214013,0.1614491211303677,0.1334002355242514
625,29151.790425206727,17.93669375696009,17.26739633722245,0.16071373546522583,0.1429469899257778
626,29068.02860585413,17.713858593437696,19.664849333707313,0.1631753739334244,0.0866537193251109
627,29131.6484437816,17.9085213028737,17.44419912475457,0.1607449988121471,0.15173016987503263
628,29113.511886372005,17.76009726267001,18.76804220099818,0.16148737510501798,0.14572989946240844
629,29134.223977779726,17.805400084259848,18.579938978690873,0.16020046100923502,0.13830632691184697
630,29143.041058767638,17.95921384629249,17.14140142785773,0.159730160049262,0.14491190099228535
631,29067.269081535647,17.874442000469735,17.935777901232537,0.16989757758081403,0.037056548388911814
632,29150.034626126762,17.875419025852132,17.814422143793617,0.15868106910126523,0.16478265921044954
633,29129.692458819154,17.79316523419496,18.89567568588163,0.16571931169521004,0.06664853536819482
634,29091.4999506794,17.73752477230959,19.37631452337552,0.16996121485605464,0.029129080517377504
635,29182.925476680317,17.93234282881004,17.398014404817957,0.15630292721795913,0.17308971937556705
636,29108.067324576125,17.904464805722377,17.31012250452877,0.1632361067762147,0.14420351252354457
637,29131.575838382043,17.834882932268098,18.284272249926552,0.16522494553694644,0.09340201944158089
638,29121.196221879356,17.79103685382037,18.453970029629883,0.1696165933081959,0.0720426349592378
639,29072.09532559808,17.55272848586024,20.66607059846375,0.15496782576873058,0.16493309588108296
640,29052.15245707482,17.645446486200278,19.66741909342961,0.1696501105489453,0.08555215600652544
641,29173.4392339884,18.00757493073097,16.636541244199613,0.15721371111282345,0.17418631260994666
642,29113.43786515844,17.808844322784264,18.337436960990964,0.1670672698976846,0.09433298132388057
643,29120.423959110834,17.835348638015375,18.450559652826957,0.1597736222970162,0.1285980398401393
644,29025.205089383468,17.499147977313264,20.96109117824819,0.17548497906923355,0.03517890791909417
645,29151.15837015492,17.957615586664836,17.21668818577648,0.15787737237760968,0.15690234968686634
646,29142.174697007373,17.83963635440651,18.143171521459085,0.16013160539403049,0.15122708961220177
647,29060.29484994346,17.763264239972305,19.120022428731858,0.1632301259632145,0.09076256209057565
648,29211.219465500206,17.87943583964964,17.7382884855691,0.1610673555335569,0.13866604119992554
649,29138.702199463245,18.036302449298518,16.25822129843014,0.16080329100421353,0.14435179486398353
650,29148.870538738614,17.86210217671586,18.10385326018488,0.16276865832729814,0.11046737723153388
651,29080.979247025563,17.781368277273454,18.813966322765218,0.16030188539807877,0.1338378670379975
652,29122.30663728845,17.826780802864636,18.347996592658504,0.16496696443418168,0.09747766758843623
653,29188.18275034461,17.877773213338685,17.780472900828823,0.16207740608915622,0.1234191903088584
654,29174.653423459204,17.947563487382872,17.044591082113023,0.15563931736851155,0.20225838678868102
655,29095.510363517238,17.870208748383533,18.420258347472924,0.16869057104628993,0.004670608348585903
656,29017.615586339514,17.62470891940104,19.8512367564498,0.17143820249755937,0.0652873060805862
657,29184.10415723489,17.91107767775087,17.511136219643184,0.1586528432908364,0.1612787576708884
658,29041.72687399929,17.596593504359735,20.536602791368015,0.168041616787441,0.05796722965677448
659,29120.908233622664,17.927250254508397,17.298180410817775,0.16401498639887924,0.11373438761877519
660,29109.50132627749,17.91640729800107,17.720429704926094,0.16491173443688134,0.0722166196269104
661,29118.920722662504,17.968638481554077,16.7818234298796,0.1686408769797506,0.06868331540631645
662,29054.45332277789,17.586303190926735,20.325868783117347,0.16326327787492134,0.11441205307492697
663,29112.620363200265,17.824494655626317,18.53676130628184,0.1630964708876742,0.09907029336683992
664,29087.83853141295,17.745699917009574,18.99270657903981,0.16207929772780294,0.1301237883427181
665,29021.455769143267,17.663111247874568,19.59982619931733,0.1654543677197413,0.10672809708227882
666,29137.317695456306,17.87631268401499,17.899127329104683,0.1639453630136396,0.10421538407584563
667,29182.330061035078,17.91642479792,17.84492988280243,0.16568623246806724,0.04482242583293672
668,29208.870607091547,17.970127416697853,16.962881854685822,0.15775007645577932,0.16520932274793532
669,29144.47251560436,17.788161793923496,18.837699648708153,0.15843225699589536,0.14346212985520745
670,29140.683826468423,17.86314269300264,17.970528347515916,0.16372648079649188,0.11247285223823122
671,29150.280981564065,18.045633064607998,16.22313962895366,0.16645033093486905,0.06314588514427688
672,29178.23755069643,17.942518222479137,17.222477789531624,0.15786017976580502,0.16994269892992286
673,29094.94224413046,17.76791427557404,19.1616514822054,0.16339780723206865,0.08605179125761309
674,29094.068875502227,17.725936281376924,19.003765011812852,0.1636112481547799,0.13343973868758463
675,29075.72098245238,17.690967331617824,19.440075288965897,0.16254712589157605,0.12869142851490767
676,29103.378755521742,17.726891127325555,19.226871718114015,0.1667917853906815,0.08450324056608416
677,29018.94995891344,17.604322160146115,20.569623575439998,0.16741201227094393,0.05281923863699256
678,29186.452235308105,17.906316888546606,17.374301478533642,0.15904168464123147,0.1757623029897346
679,29141.575426835803,17.99677231598493,16.64080064123707,0.16143940089561037,0.13982016384905416
680,29117.299578009544,17.77856797977894,18.69356779305856,0.16456537102225677,0.11117188769642028
681,29071.724187947893,17.811142934183145,18.4417726346762,0.16263071856403932,0.12404376715606835
682,29073.01580417161,17.73944146886928,19.09971443139824,0.16475668926298292,0.09954587119452785
683,29180.60967552423,17.88910148751155,17.704699707412292,0.15909237540263865,0.1576630677239933
684,29190.357454247933,17.9272161523889,17.590668547191456,0.16068573956641963,0.1180140561578602
685,29099.31532007743,17.874829423286858,17.698859140482377,0.16099931472859186,0.15459654225262243
686,29166.529074691316,17.9028659281939,17.588004177990765,0.16169398182042682,0.1321880491916796
687,29131.854013337732,17.902518554699913,17.641876064246798,0.1636225468103778,0.10788276516293749
688,29101.65178190262,17.679167146136002,19.623874264748054,0.16603795427369827,0.09383728813284109
689,29061.265197553217,17.785379137922824,18.589219545051755,0.16665030072699805,0.09468234211952864
690,29073.443869662995,17.7868989084226,18.688846404284135,0.15966898340032454,0.1456018853675327
691,29159.09151879178,17.979209757809706,16.80013842474878,0.16508031806822632,0.0995201032521249
692,29027.157163204887,17.639292394820455,20.28622131333844,0.16573667721228302,0.06389904768556698
693,29077.142122311227,17.743177774211414,19.048100921124895,0.1613361528651046,0.13316104390698402
694,29125.22628042968,17.85239922733111,18.29588107957649,0.15527458137363237,0.1670935264806751
695,29199.822865143375,17.95830961064267,16.92690701714664,0.16176645547788637,0.1373261624716242
696,29125.305275176084,17.910323376610478,17.535266344592817,0.16312382383171886,0.1170507246742103
697,29135.436711467177,17.709239518255732,19.238794721451878,0.16416070851630493,0.12144423894060075
698,29083.42763403721,17.75253934392047,18.69527717264143,0.1682987562783007,0.09783151108804056
699,29190.509417874484,17.94814398853292,17.233713798636536,0.16673602661608689,0.054836822681559316
700,29114.34234001467,17.709250590540577,19.17259922909488,0.1640640692200811,0.12785957360490963
701,29146.03407013193,18.04542610697276,16.299446175800814,0.16315185303328117,0.09895105412701244
702,29087.570983609352,17.74886953456326,18.895181792059997,0.16667577340482131,0.09743970008281022
703,29003.60748380415,17.5768363989056,21.022095137899313,0.1698027327842987,0.010359004270076744
704,29159.26081428105,18.036788351939773,16.36422889378813,0.16331040187603263,0.0998360172581223
705,29078.3337689269,17.765895457917836,18.884661227439615,0.16218856504709023,0.1225729551288729
706,29164.897389171318,17.889363557370107,17.732278810229325,0.15849802201815422,0.16077471145771938
707,29074.996337668912,17.650569976741032,19.86698783345145,0.1643771011785191,0.10721938979237255
708,29163.90529777884,17.880651663408983,17.732450979746794,0.16147804099360752,0.14152140711849737
709,29192.888474779087,17.94212402184406,17.062309059706774,0.16097166290487952,0.15475519870231946
710,29092.134774023507,17.81589493821061,18.40242412230623,0.16936258179569275,0.05642134720213077
711,29073.18811343079,17.751444864663867,19.144549906273042,0.16292878801787936,0.10609457598254524
712,29152.200878494266,17.82423030017791,18.294245385134058,0.16430968538853863,0.11066385243299581
713,29106.449263009075,17.677480089742616,19.72713553774465,0.1616083556489627,0.12269805985522098
714,29114.057299331165,17.829157594932898,18.089437570270295,0.16155400677995868,0.1513168971882456
715,29088.056075159788,17.73016045556805,18.989452907011955,0.16532398828130979,0.11531851850194619
716,29161.982112680722,17.904142192212,17.644957364830976,0.1544389497229195,0.19379550962155445
717,29134.6430967238,17.85566726233384,18.243785402502677,0.15488338910930566,0.17391410475975277
718,29118.525101656604,18.016519520478255,16.538430051124195,0.16705581131559077,0.058864050795633394
719,29142.59944062608,17.83825649732048,18.622041845422192,0.1732444310949427,-0.044492978445145326
720,29131.84034468667,17.601698356145064,19.994881577392775,0.1639955862634891,0.13616672677768216
721,29116.63477675747,18.025563195206637,16.58886036234409,0.1600489336061881,0.12838126688172313
722,29133.364125796303,17.945374063271426,17.24541411326147,0.1623398347937759,0.12061308116313696
723,29052.762278624094,17.586944404025793,20.099926838130063,0.1695396731487424,0.09049368272831115
724,29149.061784187936,17.915347457684312,17.62881487026185,0.15651656968272265,0.16806186092513764
725,29075.440878851758,17.58309253360001,20.326676752230647,0.16285587560257908,0.12699703849643051
726,29167.353303682183,18.05698387377714,16.179156715941787,0.15514178517308808,0.19417850764329514
727,29099.37456678399,17.791210597332302,18.755182178930117,0.17122541541724168,0.023373945439728483
728,29136.43513342311,17.941012133990824,17.195764895427516,0.16145177587079795,0.13927226399212256
729,29127.488384878372,17.80983680321267,18.69026672080658,0.17032951907887406,0.022153769024214953
730,29133.27754525123,17.949175723221476,17.077357771755633,0.16209045130686095,0.13653733459003115
731,29150.85447071005,17.868950951045157,17.834605535677447,0.16187126488240333,0.138544861536409
732,29187.46832792733,17.965007854770864,17.10438139746525,0.1581481017123575,0.15576009361669996
733,29140.35379034723,17.826237296083068,18.703155182936197,0.16713178513302918,0.03883658454734229
734,29100.641129784344,17.803561893858365,18.54676892443221,0.16962597081692798,0.05174536254707718
735,29110.179447698487,17.787230196915182,18.50011819705271,0.16409821726997376,0.12605953624092792
736,29098.916277087104,17.641120356686308,19.767628024681063,0.16853969621545262,0.08964782574134433
737,29044.641837626474,17.671637428014865,19.85013625501684,0.16595046497396038,0.0741839230983562
738,29067.217048066486,17.82923548123932,18.194843121245196,0.15996807378041422,0.15552357155008678
739,29143.872003852466,17.899616752564818,17.90734285987033,0.15780298160809236,0.14233851236592399
740,29156.60637878406,18.06478778917361,16.50501074574265,0.16600272024709162,0.007463997095665698
741,29067.67009987474,17.578639905653432,20.48052291283935,0.16563541729701148,0.09705807515708476
742,29124.629214144843,17.923493319111344,17.33021443071406,0.16382591708498528,0.11785732067179833
743,29128.195208810375,17.849184051188868,18.354871657236554,0.1556558157125868,0.16224556342058072
744,29167.647330303127,17.843486073560914,18.20724694576399,0.15991434800767523,0.14387177406923934
745,29158.46163720684,17.90688111247912,17.507603373825127,0.16234917583103148,0.13159554703167953
746,29069.767825097064,17.71991619410803,19.043877158148117,0.17252722389248576,0.0532026804049861
747,29003.269331828844,17.608576713656085,20.010417403286745,0.16339534766799624,0.125087488320891
748,29142.613517290527,17.773304902779692,18.7855781405485,0.16196421043207776,0.1295111785569425
749,29173.72176671157,17.98532440951835,16.77022546291197,0.16227500145016494,0.1275605073382955
750,29120.722898070468,17.84286960365859,18.015169844027373,0.16597362687122363,0.1031217683237926
751,29053.392460989704,17.7292373287783,19.004892477808593,0.1680905146039432,0.08961489872299044
752,29186.695249862296,17.93222821674557,17.218904719457985,0.1570416054637408,0.18622222772585706
753,29148.61490003854,17.950291045420105,17.234921714750435,0.1601307731474907,0.13575688585497925
754,29180.134332578076,18.007479477371906,16.5814715701269,0.15995405350513048,0.1503677264647847
755,29110.936693374453,17.846419137293385,18.055219079622184,0.1657952770937975,0.09960029485396715
756,29083.505860708014,17.70369987264129,19.692421037821838,0.1727161241855586,0.0017367423353576994
757,29132.472714513962,17.856881659461834,17.869833445945535,0.15866122509084624,0.17437001305255384
758,29114.31879619363,17.84037935017695,18.6260356102154,0.16584041530347016,0.047452905611820695
759,29062.708033358293,17.52605784695862,20.926493794656444,0.16125914768522864,0.12146553284367512
760,29065.60528934397,17.704917646444596,19.636485353833482,0.16340238902228255,0.09170677759953982
761,29079.045358123793,17.716776370311,19.283912095405586,0.1696381220838008,0.061210143131642414
762,29142.19815982727,17.878706677807617,17.7249623847727,0.16466912012072932,0.11266734985386972
763,29144.78644221201,17.850970586250686,18.11156136783006,0.16762851393542,0.0685092962267797
764,29036.355752807285,17.626815068045676,20.207394024680436,0.16906185281100972,0.05280132266326609
765,29178.34911957969,17.81155920460549,18.503184592180002,0.15792197973115685,0.15887847230772134
766,29095.61268726986,17.978378568580656,16.934103488292223,0.16205951878942448,0.1219605376404248
767,29150.636683623576,17.85529866839265,17.902850753891503,0.16561813679530146,0.10626333043223257
768,29134.51559034103,17.822282891839585,18.239724352822517,0.16057793080273497,0.15263746518385068
769,29157.601853851975,17.979111307253334,16.999007641068054,0.15617207021990243,0.175056601797678
770,29165.785590680433,17.898369182599417,17.735025638787718,0.16026818070725046,0.13702143734053174
771,29223.140187547644,18.103238268545674,15.86396682512413,0.15839741204738678,0.12752992672454322
772,29154.353899836424,18.05355110126064,16.077582720599057,0.16350132985823285,0.1100876054578378
773,29160.647709359255,17.781122992096538,19.00653561205154,0.1631019972074943,0.09202838518273881
774,29091.500782789015,17.886150627072436,17.942344222094267,0.1656124900979411,0.07203505096723539
775,29110.8646140556,17.61593226461579,20.01050073520092,0.16336233990237692,0.12830554699437235
776,29113.855780679245,17.675921187377245,19.5064282021084,0.1617705520833046,0.1415347032492369
777,29081.517918250218,17.769274950694065,18.817240172348125,0.16219021014764223,0.1269321681987452
778,29060.100550138828,17.727410769242862,19.119512095888663,0.16834581026824347,0.0799657227416617
779,29026.148142893908,17.70582597487218,19.263662231898707,0.1705714992309264,0.06062431356928699
780,29134.988291426016,17.89861840863347,17.583460940064423,0.1650412793565469,0.10400799840917607
781,29184.68152989833,18.02425323306327,16.342680087102487,0.16006042749325322,0.15504184625730855
782,29118.702571452977,17.790147909851225,18.753813043636416,0.1669944897070491,0.07123443777368677
783,29101.87617386137,17.682725741414597,19.383182575339628,0.16103806900561157,0.1525867210952857
784,29205.197219200232,18.11807152266216,15.466872711946001,0.15569330546362792,0.19592347487480022
785,29143.32930885406,17.89525602192653,17.694485080405418,0.15780253827926283,0.1671604268270488
786,29179.343204754216,17.923028978120552,17.744049723334513,0.16632179659616697,0.037074411443652644
787,29078.941181041184,17.64403842888751,19.820524213497052,0.1609717972405359,0.1419825155697494
788,29065.03521909457,17.637851695241572,20.002681387245158,0.16652520034091123,0.0878858606502485
789,28984.523670641356,17.661558215157218,19.868712905268175,0.17114041951374814,0.03166520443790899
790,29132.279949541633,17.897682978830762,17.882646170675795,0.16524138890090845,0.07192108190526603
791,29155.327573330644,18.00320773998292,16.536631858184965,0.15607393130763592,0.19973395910116332
792,29103.18772869752,17.662238323879354,19.533357052506595,0.1611741600729072,0.1522963567827491
793,29158.283209064426,17.907581320786313,17.53514647823105,0.1597618692573819,0.1532422855889093
794,29116.984324287325,18.00914655184555,16.602549753880847,0.1738101842393902,-0.059839842933197884
795,29072.77763751173,17.64756531683303,20.065650456974947,0.16569648439094276,0.07880632315243519
796,29090.399319823533,17.7428490532424,19.111635002690456,0.16366537982830653,0.10923408449043104
797,29079.903777771542,17.615013146728206,20.050763863112003,0.16666856824545595,0.09928407667360595
798,29170.0230210539,18.085626538617483,16.125204727647432,0.15658739627987017,0.15150473074604098
799,29108.239356979713,17.666999582651336,19.593368670709072,0.16618046096564698,0.1055986112394024
800,29108.557355138837,17.900986419999192,17.55270798296635,0.16617984663925045,0.09179472824621959
801,29112.038424542818,17.711366369804875,19.21082243343561,0.1663905569000863,0.10303513890412352
802,29125.79132377305,17.864086063712566,17.981784189012412,0.16358363502400852,0.1125364410735521
803,29093.70256199427,17.814829115458693,18.861761937934936,0.16357258533897534,0.07188249723198492
804,29061.58616766656,17.576343381171963,20.395722019176034,0.16548779643925815,0.10743345045046349
805,29145.570659613302,17.98259025883135,16.608106836340998,0.1644876690165813,0.12289424471866173
806,29055.599450151265,17.61061703180073,19.948236712279083,0.1624665604309049,0.13940670618717876
807,29129.31906021636,17.714118861566266,19.80645355489394,0.15873433669324144,0.10945344761751152
808,29168.69668789988,18.10070269651993,15.832590717694199,0.15900162450129152,0.13813510399068574
809,29181.796132337808,17.95173256119301,16.9165438896127,0.16607664133156397,0.10124270804219582
810,29196.00344480745,18.052418089842632,16.069351094888546,0.16065361151499258,0.14358881899065323
811,29034.415768112354,17.69883896655914,19.38350190089481,0.17171649047703696,0.04225603511003262
812,29156.45208545692,17.803943589298555,18.809092719165754,0.166523682122246,0.05459681786583126
813,29128.119471539507,17.851415431138676,18.2658854772407,0.15292073043468402,0.1904460416048135
814,29152.792416531945,17.893312069701835,17.58543873660941,0.16432320557214708,0.11457684322039241
815,29174.27631993386,17.97260032968695,16.829976122159664,0.16233268942635293,0.13245131132165655
816,29074.142868795847,17.780159976788344,18.730546245522298,0.1589924083122145,0.14872379507963762
817,29107.015206904383,17.672425122152614,19.739681478466316,0.1686969214420273,0.06531973513026046
818,28997.47039730305,17.566988245533356,20.35609256280422,0.1671840712649133,0.09205265985753042
819,29172.551932062805,17.984006893836405,16.88359605260006,0.1580651802744496,0.15866797910825314
820,29128.41830664949,17.92089671773963,17.33195013452956,0.16243767736342618,0.13486637175829053
821,29097.864281786497,17.62758470790718,20.352216300277675,0.1627443905958207,0.09435379637366348
822,29167.230580277945,17.98932971018408,16.780231340076437,0.16387330619442575,0.09730521245501322
823,29039.83389246594,17.542089059507745,20.75401030595268,0.16079366341630696,0.1310738344185708
824,29142.55263721985,17.946466433317276,17.753486545014994,0.17033728325964081,-0.03867659494383502
825,29098.14296460508,17.769498509516545,18.714749278809766,0.16287513316051372,0.13039257507548452
826,29108.991664379035,17.824906672908934,18.30537747843062,0.15886296930327126,0.1576398805940844
827,29165.02755767868,17.95713976133848,17.01114836652547,0.16624379550225754,0.08490597751768414
828,29078.496641676124,17.771577955180252,18.59960544191848,0.16582772922510303,0.11423880447773316
829,29162.958175447937,17.882900908411912,17.786343863221532,0.16130950514236897,0.13555528799074057
830,29152.88931710904,17.900368389043756,17.80284994737132,0.16182647145057816,0.1129715020123142
831,29164.13723909609,18.023483835657153,16.61599701389675,0.16169999032023274,0.10439500996261597
832,29045.791525591092,17.57175434887304,20.692647298238047,0.15494460864639903,0.14868364368448117
833,29111.540931956282,17.782742810642095,18.59690455455221,0.16515351496985897,0.11129204174561347
834,29138.51916649583,17.91060876609422,17.446362744929374,0.16627881050852145,0.09212320819198727
835,29159.184365054363,17.961160762993895,17.08660165136086,0.1625629919882695,0.11737294984334745
836,29118.31339907347,17.787145536639503,18.53404731644755,0.1655066641437023,0.11006130684796567
837,29078.284386872492,17.609323905470028,20.198439776955144,0.16435130188409453,0.10972247472049623
838,29099.57480848361,17.863703711210327,17.775472864904128,0.16706973450192364,0.09760880892012558
839,29123.48584979293,17.83760231113662,18.39646712732675,0.1644939201210207,0.08694637637157121
840,29115.34268583283,17.661205730473394,20.06187215626904,0.16020804300280667,0.11503082617067273
841,29155.420394453628,17.94090622036167,17.20189595759975,0.1661175051482866,0.08343278538179677
842,29184.784204776057,17.925094926218666,17.31920840722448,0.1580956167265457,0.1734697244457375
843,29046.148482604265,17.76962834826626,19.220196818692813,0.1589877286412409,0.11560473305297825
844,29153.11874010887,17.92790614006841,17.245960577991266,0.15999344210438016,0.1604646234542746
845,29095.266641580325,17.892071715896645,17.6990060339703,0.16246863970949932,0.12499346553184909
846,29015.663245722088,17.554685735055827,20.47262630083077,0.1751701165555657,0.036039795581805034
847,29090.309016551113,17.612645998764975,20.052847058505165,0.1700070422102452,0.07445967186296554
848,29181.68699145732,18.007952978753966,16.50229938298052,0.15740756940441725,0.1850528343425798
849,29154.16496822997,17.976318516505597,16.937356522027343,0.16402816669121256,0.10002428800003482
850,29202.618694671957,18.07503711263637,15.874444745834738,0.15738514916605917,0.17893165668951105
851,29055.954752653437,17.71067170662373,19.323942351760742,0.16441091070689096,0.10555400534914083
852,29138.6420742345,17.939628648562287,17.414795786777734,0.16834163699131865,0.037055342323797036
853,29173.2127680068,17.97588438003344,17.045838821945235,0.1628521916578728,0.09722065327040796
854,29059.01891248605,17.669023742911182,19.6742671663336,0.17335000483090723,0.0295593194128404
855,29207.847549529746,18.026580380335158,16.257270038423815,0.1571278296324221,0.19077025938041137
856,29063.977957377538,17.700921499372487,19.915196322312987,0.16959456065682466,0.014142436786444557
857,29058.147616385155,17.559387995865755,20.428043805129512,0.15870040373784178,0.15368927865013182
858,29128.880594348964,17.891516696333962,17.926451447391276,0.16183721041159793,0.10941061653071082
859,29102.00997075176,17.686112929710486,19.412224810913806,0.1614701534693993,0.14441089022277764
860,29094.095200760756,17.756790661645855,19.39107914428618,0.16665010553116488,0.042774842527553925
861,29164.130964317737,17.879881600996296,17.67598729143786,0.1644249196739428,0.11833795818172432
862,29154.50051323269,17.83971411787362,18.27164716096435,0.16391261371147658,0.10197191226600133
863,29233.575456876988,18.126802250832082,15.306301755613067,0.16184278344417846,0.11274219132531327
864,29048.216923786284,17.614886196443333,20.135615999650895,0.16759292397254233,0.08064852128045807
865,29059.594615971233,17.645411620099857,19.948835651009738,0.16796780205534168,0.07226906920140885
866,29098.101148186783,17.810960261066764,18.595431549962893,0.1611506436358615,0.12223357574689919
867,29137.495955873357,17.93451407618628,17.22925233574834,0.15955072311079255,0.1610930065913404
868,29083.324143095953,17.735068495581977,19.32736172349483,0.15982146007521703,0.12863202498448645
869,29109.078637838793,17.86293715367943,17.871348402332053,0.1652130951823283,0.10779780446275977
870,29190.13269354844,17.98992932986251,16.9610446171434,0.16328715610080402,0.09046287857546265
871,29027.530273817116,17.70246525484509,19.306268187728644,0.16543470456402132,0.10005286749042519
872,29061.11678725819,17.473705738852974,21.29432233421699,0.16381974142872546,0.10947559665876583
873,29202.913955304182,17.932045264961285,17.495060166635355,0.16051776924561045,0.11945954169124295
874,29075.76883436882,17.745259954645523,19.138822552557606,0.16345932639735705,0.10743353906723063
875,29105.160166984602,17.68393372193971,19.377469123946543,0.16126839480450317,0.15092927129527067
876,29154.740884892457,17.9683047983046,16.910354604289164,0.16418784462009584,0.10902136861283485
877,29180.755124392177,18.08847166413024,15.754179717208798,0.156619126485246,0.19005229182587713
878,29058.765480613554,17.849077998565253,18.04095996882555,0.16563795196228093,0.09954474626904553
879,29130.233666321543,17.81524095129717,18.546801909512748,0.16966019712764435,0.03721553446167869
880,29144.441621668037,17.96521996441366,17.101111897317267,0.16181852101053507,0.11709049333061672
881,28982.367794697086,17.43354857802264,21.805005845507626,0.17015510216593432,0.0465530521177101
882,29200.616391368705,17.96735750077779,16.83752494958383,0.15266657479889523,0.2318736873449586
883,29131.273476348902,17.848542200824383,18.0713152002154,0.16134389335684918,0.13944983096539676
884,29119.687633187532,17.863891376990072,18.041497137848506,0.16238553486188656,0.11869629642780888
885,29083.684635059668,17.683212361233643,19.324525155904865,0.16772656721118406,0.10227683182237068
886,29098.570555314014,17.837963906648685,18.306695775687484,0.1662116111256845,0.07807706337787346
887,29203.05759465094,18.08526897799424,15.672294219122449,0.16295891549019337,0.11201170187288778
888,29097.14695632112,17.65049605301721,19.80330480165848,0.16942699400110173,0.07150197524560709
889,29132.872445257577,17.94290252122004,17.157567588152762,0.1567031728170526,0.18644618948275038
890,29175.816535056925,17.943792008804092,17.28614044412932,0.15948601502991278,0.14665447937000686
891,29064.822706483257,17.631978722700588,19.9145893917539,0.1676698620452095,0.09045463138344545
892,29086.909958743847,17.790769872827568,18.7316478983095,0.16881796279900008,0.05429772752009998
893,29115.1939749048,17.81831708912091,18.688388735504027,0.16226714166144718,0.09823723059765388
894,29099.64622114195,17.72911221107107,19.09469844781245,0.16377698824144615,0.11979568056743639
895,29151.463940240996,17.907623659402606,17.781578245507315,0.16536771681366802,0.06772698979207714
896,29184.118763484847,18.056548718706583,15.95070559003001,0.16090536471901096,0.153561196090362
897,29116.789479093124,17.758675449317625,18.874742424918846,0.1589778451559264,0.1582538068214715
898,29163.793022017613,17.9689665967342,16.927946601195202,0.15861057378717858,0.16811745531496947
899,29030.940491466692,17.627677833385825,19.95478483999524,0.17004089153185586,0.07037640040532289
900,29132.47779816638,17.824954951087268,18.4070560854207,0.16441766232528587,0.09802530991851766
901,29055.393471763593,17.740816442674692,19.07596101237072,0.16655909747861897,0.08519348984293296
902,29149.12849367458,17.95491352830037,17.159542797825456,0.16408906064828843,0.09551173279156355
903,29088.48820728693,17.629052840772943,19.968154992897503,0.15791544996917495,0.15867669530610096
904,29126.712158907358,17.87280482828681,17.685461572902074,0.162576932307549,0.14327373806752408
905,29183.927969460725,17.829026020107534,18.21003511868785,0.16000671606311312,0.1531456903167735
906,29139.09603486274,17.86505993772436,18.083157745925135,0.16292160878197137,0.10828448909762778
907,29029.888035924934,17.637584700939886,19.806581377710824,0.16960350436582916,0.07928596321884773
908,29114.74208572517,17.917482741390042,17.701192770357125,0.16273054965897527,0.0978841062510617
909,29169.066580925693,17.9959671920317,16.953969870356858,0.16164213662240023,0.10276095379937045
910,29134.709393745143,17.882275512641915,17.847004239424013,0.16091486699030577,0.13472569760158337
911,29092.17571453742,17.829715008013,18.437987362514715,0.16534219042403386,0.08201106553090964
912,29102.56615315287,17.941285347526712,17.036867036723457,0.16451167547253842,0.12209898036450195
913,29081.021895232632,17.815222659386265,18.519799327135537,0.16256148791750014,0.11387089655440341
914,29060.865141794115,17.726396032658158,19.262349851995445,0.1746303537595223,0.0009272778150714034
915,29147.60493466667,17.82588576749504,18.32879613387172,0.15682970623850223,0.17323655408862726
916,29158.935205838745,17.79915581203308,18.33751153418006,0.15865751058520416,0.17820244314527334
917,29075.32442352827,17.67541840983175,19.530773029076478,0.1603523119170147,0.14519312262653605
918,29146.633379464947,17.789044804756866,18.54948496001332,0.16753156843356587,0.0845113242134038
919,29194.938708979775,18.02374140893482,16.47112413561081,0.15743983229402503,0.17004894237246215
920,29147.17640074231,17.848309328384588,18.24643942428571,0.15657248097298304,0.16496101233127214
921,29075.966345217443,17.811399042344533,18.468484840005647,0.16227457777901633,0.12382146885621259
922,29098.557107125565,17.68956982018124,19.598931511203514,0.1616492890746999,0.12285378515278167
923,29179.725450181766,17.953310694236443,16.899638051230326,0.15760727355740578,0.19406172338777172
924,29049.188750281854,17.578025388014055,20.56473610118585,0.16848486621858183,0.06192418046981829
925,29140.671159053323,17.98401316457666,16.831188435273372,0.15737160259120087,0.1758700482386465
926,29139.245280645027,17.888273658979884,17.823993409072592,0.16461474840942558,0.0910553271383503
927,29111.560747683518,17.83559135164115,18.36909686141825,0.16697869384868513,0.0660364771132258
928,29141.54701521172,17.903473755251785,17.5347809041326,0.17208013939673084,0.014893303116047973
929,29102.394512247283,17.76141038847545,18.771858881444363,0.1661943613925212,0.10364674202803126
930,29061.93287077902,17.863134055401755,18.123002028263116,0.16125253414577567,0.12091519161342268
931,29046.611480791908,17.699657577301842,19.721611240494855,0.16669312365020283,0.0559475611909358
932,29140.668483684618,17.83908733122512,18.05044902136543,0.16177105214202192,0.14469982085112243
933,29199.301082232367,18.008275903854866,16.658832506399293,0.1588631613139465,0.14701805183424677
934,29115.659860148313,17.79382908413609,18.571390189151863,0.16714281926979524,0.08425530900605682
935,29127.468499483817,17.773069594493382,18.75713169675129,0.16691918198626088,0.08751472398867832
936,29121.86075844196,17.716522997769083,19.120300439429904,0.16257835737398652,0.1394058361132232
937,29105.5092541837,17.812913079840907,18.69376061977806,0.1694169575395753,0.02749319225399438
938,29063.241182327434,17.81100172243024,18.48021060515306,0.16333122187945315,0.10855473437155216
939,29205.190192239803,17.94547670822596,17.17937423431051,0.1551729397557241,0.19624719307057836
940,29083.355705979917,17.638056314349612,19.854392702718346,0.16050586435500713,0.14721127070115225
941,29187.47311746975,18.024508895868923,16.31204887147041,0.16163447560543143,0.13875159236218093
942,29071.31135682962,17.568996796096492,20.418759115798377,0.16797513086900262,0.09208004076143939
943,29102.03499648972,17.8101016492,18.413275252452497,0.16397889875144622,0.11580054483509672
944,29146.298637162057,17.77867965700838,18.978460969699217,0.16132708669878382,0.11329184899455558
945,29106.100341915517,17.92168793361646,17.44433198242983,0.1640608439186122,0.10487633579548006
946,29120.350046410094,17.752683890077165,18.951384566437007,0.1669396790905463,0.08560216457730607
947,29124.17715286985,17.973443541643928,16.914269024153512,0.1615937915317064,0.1341962966761321
948,29092.4102135943,17.902082656893164,17.414990458554335,0.16090270111047555,0.15575821626802822
949,29144.3791105201,17.913275663213437,18.197838450333094,0.1621613426561337,0.05707866992205013
950,29071.438345323215,17.720182380170197,19.354173321976265,0.1662215494960062,0.08187522927484814
951,29134.503535275227,17.92732703551742,17.6288291695276,0.15908819503897287,0.13288318549144407
952,29196.72858334563,18.091432950091747,15.680979382097863,0.16248609590548468,0.11645644777842579
953,29092.849093052355,17.702621831852326,19.451928972493878,0.17297081311154805,0.024345666912845787
954,29093.96230457567,17.615444921334234,20.05486230803242,0.16368352049886348,0.12300206745989906
955,29120.071632998162,17.859027881650675,18.087329396953503,0.16131437253894865,0.12897501010689205
956,29164.016321065894,18.011923730380076,16.520862418291323,0.1631605933636442,0.11563210647508859
957,29062.671092217985,17.712696587595627,19.277063735706225,0.16826138962073056,0.0777483017504853
958,29141.56926210937,17.859977120810054,18.0904615933024,0.1573559828987151,0.1636653293308109
959,29104.85825889626,17.740218820348737,19.12249156408401,0.16048143684609173,0.13810216334392456
960,29108.4840560415,17.770204390269615,19.09107807267817,0.1649902841969857,0.0761782453756703
961,29095.848247648566,17.720559206566328,19.222724592021777,0.16125694436671933,0.13725008385602666
962,29213.29367725995,18.115049455333256,15.577798348698787,0.15995795213097452,0.13120662293898255
963,29025.905600342285,17.712943238134404,19.344535249624723,0.1687989439205455,0.06514891378663556
964,29044.971216065285,17.63747827136338,19.842348380062443,0.1613580562446595,0.13813294343540727
965,29127.27973437738,17.81172437282081,18.32862784708488,0.1655718029240676,0.10689316334204013
966,29174.59239600192,17.979589073201847,16.761510705589185,0.15767348885851473,0.18359422124336777
967,29142.08267077445,17.86094023759595,17.90367796638429,0.1679594317062939,0.07501875254366352
968,29153.87630246437,17.91094646206972,17.818777978758515,0.16204993718457505,0.09676975369607477
969,29101.818641501617,17.756998774987682,18.900846846461814,0.16199801954161042,0.13264609466915211
970,29092.640959780925,17.756819389038835,18.745709193482778,0.16693097854076355,0.1031249421404683
971,29098.445503358518,17.834710896673673,18.181751376740845,0.15914819829646498,0.1603305641023537
972,29195.69640648265,17.93407340046813,17.519445842441918,0.1689989356444973,0.010599069059527122
973,29101.500934319392,17.71673274903205,19.311073474816702,0.16274092581122646,0.11996674580683842
974,29119.033190023692,17.812680392823502,18.716957422003414,0.16835216027416933,0.03869455469363969
975,29134.086658472886,17.8245502840747,18.271498705648835,0.1603266771148285,0.14997355443979454
976,29021.83301902858,17.597111945080954,20.382773750973147,0.16748241062592983,0.06379142356074308
977,29154.153221919438,17.871358453128764,17.858093923140895,0.16178386396887123,0.1342078123053364
978,29144.129259380377,18.04898633426956,16.358571273309686,0.15657052302911922,0.16884575640491972
979,29130.51195983581,17.842021599668442,18.1504056795513,0.16281238258987307,0.12256547534497342
980,29130.40764209902,17.765803592340006,18.800587464437854,0.15954846755678587,0.15430827967443106
981,29179.30534940287,17.909381688961933,17.582938423564634,0.16685930441064,0.06150736275295088
982,29179.834907888155,18.015271768047157,16.605360810447202,0.15754028321898994,0.16676366333510262
983,29079.49004036141,17.749529492257544,19.00460311898402,0.16256047098722115,0.12179098731177951
984,29145.004904786085,17.856411647359273,18.148647529306864,0.16420390884555414,0.09625756875971514
985,29115.804957066008,17.721649171653848,19.123297027058086,0.15983587886278472,0.15719782294287266
986,29086.212803904644,17.775105051118988,18.735578563174744,0.16477584285714697,0.10733931482415537
987,29099.920880385365,17.822334517294443,18.275194939841246,0.1637485128022299,0.11976524987864767
988,29149.837434447672,17.974690880106483,17.131392648835327,0.16617908045777052,0.05345183738732551
989,29032.580300948724,17.678565886154846,19.440713211093467,0.1671667765516065,0.10097435222507156
990,29044.638525221773,17.566064153310336,20.396513307245005,0.1687039645188242,0.08489162982865184
991,29145.748889934857,17.863727630961943,18.41173039778556,0.16332990744437126,0.07115353760666521
992,29112.267727733233,17.89216551554076,17.761284193515447,0.1641876613502501,0.1002430860262854
993,29076.10477935777,17.552647971765914,20.631335530835464,0.16538150451151634,0.10496520781728025
994,29185.241057540417,17.96355406040288,16.98087904389994,0.16252423418657547,0.11848651894651185
995,29133.58698628837,18.066543825558238,15.952230942249455,0.16153460333686454,0.13631196710891424
996,29168.025075733007,17.812765133301557,18.346185538405603,0.15931539732923172,0.1614073291519995
997,29131.059735605733,17.83453735078208,18.282550280016654,0.16307903384088585,0.11426218488776474
998,29087.793874910472,17.783827608563605,18.577951181213916,0.16467186779366727,0.11636754463418064
999,29104.22547360754,17.926183751906535,17.55773309298477,0.16025596109543205,0.12566364870123847
